股票代码,股票名称,所属行业,PE(动),总市值
600000,浦发银行,银行,6.38,3463
600001,邯郸钢铁,-,0.0,0
600002,齐鲁石化,-,0.0,0
600003,ST东北高,高速公路,0.0,0
600004,白云机场,民航机场,13.1,184.6
600005,武钢股份,钢铁行业,0.0,0
600006,东风汽车,汽车行业,45.36,137.4
600007,中国国贸,房地产,30.6,210.0
600008,首创股份,公用事业,39.59,207.3
600009,上海机场,民航机场,20.16,565.8
600010,包钢股份,钢铁行业,317.6,996.4
600011,华能国际,电力行业,12.35,1088
600012,皖通高速,高速公路,30.66,286.1
600015,华夏银行,银行,6.23,1214
600016,民生银行,银行,6.0,3134
600017,日照港,港口水运,73.47,129.5
600018,上港集团,港口水运,25.78,1360
600019,宝钢股份,钢铁行业,19.1,1426
600020,中原高速,高速公路,12.51,106.8
600021,上海电力,电力行业,23.62,257.6
600022,山东钢铁,钢铁行业,697.7,227.4
600023,浙能电力,电力行业,9.85,767.1
600026,中远海能,港口水运,9.9,293.5
600027,华电国际,电力行业,10.05,498.1
600028,中国石化,石油行业,14.84,6889
600029,南方航空,民航机场,9.21,791.3
600030,中信证券,券商信托,19.04,1974
600031,三一重工,机械行业,246.08,572.8
600033,福建高速,高速公路,14.08,101.0
600035,楚天高速,高速公路,23.18,99.87
600036,招商银行,银行,7.78,4830
600037,歌华有线,文化传媒,27.07,214.8
600038,中直股份,航天航空,68.55,301.0
600039,四川路桥,工程建设,20.2,154.9
600048,保利地产,房地产,12.08,1146
600050,中国联通,电信运营,1024.93,1579
600051,宁波联合,综合行业,30.4,39.54
600052,浙江广厦,房地产,16.22,57.97
600053,九鼎投资,多元金融,48.36,176.9
600054,黄山旅游,旅游酒店,30.44,132.3
600055,万东医疗,医疗行业,111.02,66.48
600056,中国医药,医药制造,25.74,244.0
600057,象屿股份,交运物流,26.07,130.4
600058,五矿发展,国际贸易,547.9,158.6
600059,古越龙山,酿酒行业,67.6,86.43
600060,海信电器,家电行业,13.53,238.0
600061,国投安信,券商信托,20.03,564.5
600062,华润双鹤,医药制造,23.81,170.0
600063,皖维高新,化工行业,61.15,81.80
600064,南京高科,房地产,11.41,138.0
600065,*ST联谊,-,0.0,0
600066,宇通客车,汽车行业,11.6,469.1
600067,冠城大通,房地产,32.58,104.7
600068,葛洲坝,工程建设,18.17,543.4
600069,银鸽投资,造纸印刷,0.0,143.6
600070,浙江富润,纺织服装,69.28,69.73
600071,凤凰光学,文教休闲,0.0,52.36
600072,中船科技,船舶制造,0.0,150.8
600073,上海梅林,食品饮料,26.19,101.5
600074,保千里,安防设备,40.23,330.3
600075,新疆天业,综合行业,18.79,100.1
600076,康欣新材,木业家具,29.4,112.4
600077,宋都股份,房地产,59.91,68.08
600078,澄星股份,化肥行业,83.28,50.02
600079,人福医药,医药制造,32.25,267.9
600080,金花股份,医药制造,104.31,35.38
600081,东风科技,汽车行业,46.22,47.91
600082,海泰发展,房地产,0.0,52.08
600083,博信股份,工程建设,663.44,42.69
600084,中葡股份,酿酒行业,0.0,130.8
600085,同仁堂,医药制造,46.74,436.1
600086,东方金钰,珠宝首饰,49.79,146.5
600087,退市长油,港口水运,0.0,0
600088,中视传媒,文化传媒,0.0,65.99
600089,特变电工,输配电气,15.64,368.5
600090,同济堂,医疗行业,50.2,165.7
600091,ST明科,化工行业,256.01,38.45
600092,S*ST精密,-,0.0,0
600093,禾嘉股份,交运物流,26.72,158.4
600094,大名城,房地产,19.41,205.7
600095,哈高科,房地产,269.47,41.44
600096,云天化,化肥行业,0.0,117.2
600097,开创国际,农牧饲渔,0.0,39.63
600098,广州发展,电力行业,19.85,262.0
600099,林海股份,交运设备,1854.68,35.87
600100,同方股份,电子信息,6.15,417.9
600101,明星电力,电力行业,45.64,38.12
600102,莱钢股份,钢铁行业,0.0,0
600103,青山纸业,造纸印刷,193.17,93.30
600104,上汽集团,汽车行业,9.48,2919
600105,永鼎股份,通讯行业,43.68,92.99
600106,重庆路桥,高速公路,23.49,69.35
600107,美尔雅,纺织服装,0.0,51.84
600108,亚盛集团,农牧饲渔,143.47,104.0
600109,国金证券,券商信托,30.61,413.7
600110,诺德股份,材料行业,411.38,149.2
600111,北方稀土,有色金属,984.77,450.9
600112,天成控股,输配电气,768.27,56.22
600113,浙江东日,房地产,61.34,60.98
600114,东睦股份,金属制品,43.34,76.22
600115,东方航空,民航机场,11.74,1047
600116,三峡水利,电力行业,47.48,109.8
600117,西宁特钢,钢铁行业,0.0,61.24
600118,中国卫星,航天航空,95.93,381.5
600119,长江投资,交运物流,37.19,62.19
600120,浙江东方,国际贸易,23.27,146.9
600121,郑州煤电,煤炭采选,0.0,52.80
600122,宏图高科,商业百货,38.06,151.3
600123,兰花科创,煤炭采选,0.0,89.34
600125,铁龙物流,交运物流,51.94,125.5
600126,杭钢股份,钢铁行业,30.37,214.1
600127,金健米业,农牧饲渔,471.64,47.56
600128,弘业股份,国际贸易,75.34,36.87
600129,太极集团,医药制造,6.35,78.80
600130,波导股份,通讯行业,207.41,63.90
600131,岷江水电,电力行业,33.64,55.20
600132,重庆啤酒,酿酒行业,30.39,106.8
600133,东湖高新,工程建设,115.45,51.69
600135,乐凯胶片,材料行业,101.31,55.95
600136,当代明诚,文化传媒,66.95,81.80
600137,浪莎股份,纺织服装,406.11,45.14
600138,中青旅,旅游酒店,27.52,161.0
600139,西部资源,汽车行业,0.0,83.73
600141,兴发集团,化工行业,73.76,75.25
600143,金发科技,塑胶制品,25.57,210.3
600145,*ST新亿,玻璃陶瓷,88.67,27.88
600146,商赢环球,纺织服装,580.87,167.9
600148,长春一东,汽车行业,368.11,50.68
600149,廊坊发展,房地产,0.0,70.48
600150,中国船舶,船舶制造,0.0,387.0
600151,航天机电,电子元件,78.49,157.3
600152,维科精华,纺织服装,0.0,37.39
600153,建发股份,交运物流,18.0,315.6
600155,宝硕股份,化工行业,0.0,230.1
600156,华升股份,纺织服装,444.55,42.14
600157,永泰能源,煤炭采选,80.02,492.1
600158,中体产业,文教休闲,264.56,161.4
600159,大龙地产,房地产,32.15,45.65
600160,巨化股份,化工行业,260.64,245.6
600161,天坛生物,医药制造,87.66,214.9
600162,香江控股,房地产,20.54,130.7
600163,中闽能源,电力行业,74.17,58.17
600165,新日恒力,金属制品,0.0,102.0
600166,福田汽车,汽车行业,68.54,212.1
600167,联美控股,电力行业,21.85,152.7
600168,武汉控股,公用事业,24.71,74.29
600169,太原重工,机械行业,0.0,113.8
600170,上海建工,工程建设,17.64,369.6
600171,上海贝岭,电子元件,243.51,92.18
600172,黄河旋风,材料行业,40.35,137.2
600173,卧龙地产,房地产,103.1,83.25
600175,美都能源,石油行业,157.96,172.0
600176,中国巨石,玻璃陶瓷,17.37,264.1
600177,雅戈尔,纺织服装,8.18,360.7
600178,东安动力,汽车行业,74.01,58.13
600179,安通控股,交运物流,53.83,185.6
600180,瑞茂通,煤炭采选,36.98,144.8
600181,S*ST云大,-,0.0,0
600182,S佳通,汽车行业,61.95,98.74
600183,生益科技,电子元件,28.84,192.2
600184,光电股份,航天航空,1232.07,125.4
600185,格力地产,房地产,24.58,119.7
600186,莲花健康,食品饮料,0.0,51.51
600187,国中水务,公用事业,622.18,100.7
600188,兖州煤业,煤炭采选,39.23,532.5
600189,吉林森工,木业家具,70.21,36.30
600190,锦州港,港口水运,170.42,90.90
600191,华资实业,食品饮料,241.07,51.31
600192,长城电工,输配电气,208.45,46.52
600193,创兴资源,有色金属,1017.59,41.94
600195,中牧股份,医药制造,30.86,88.32
600196,复星医药,医药制造,23.41,679.4
600197,伊力特,酿酒行业,31.51,87.23
600198,大唐电信,通讯行业,0.0,147.9
600199,金种子酒,酿酒行业,426.36,57.02
600200,江苏吴中,医药制造,149.38,120.1
600201,生物股份,农药兽药,33.09,214.1
600202,哈空调,机械行业,0.0,57.35
600203,福日电子,通讯行业,77.6,49.48
600205,S山东铝,-,0.0,0
600206,有研新材,材料行业,174.43,83.54
600207,安彩高科,玻璃陶瓷,3917.56,83.28
600208,新湖中宝,房地产,45.79,423.9
600209,罗顿发展,装修装饰,0.0,78.71
600210,紫江企业,包装材料,25.31,83.12
600211,西藏药业,医药制造,37.97,75.30
600212,江泉实业,综合行业,113.36,50.50
600213,亚星客车,汽车行业,58.65,33.92
600215,长春经开,房地产,322.77,64.97
600216,浙江医药,医药制造,22.04,119.0
600217,中再资环,环保工程,145.11,122.8
600218,全柴动力,机械行业,41.93,39.79
600219,南山铝业,有色金属,49.61,305.3
600220,江苏阳光,纺织服装,42.66,74.54
600221,海南航空,民航机场,12.67,574.8
600222,太龙药业,医药制造,1586.56,45.51
600223,鲁商置业,房地产,59.92,55.35
600225,*ST松江,房地产,0.0,62.12
600226,升华拜克,农药兽药,50.84,119.8
600227,赤天化,化工行业,0.0,125.4
600228,*ST昌九,化工行业,0.0,36.13
600229,城市传媒,文化传媒,38.72,78.07
600230,沧州大化,化工行业,21.2,78.67
600231,凌钢股份,钢铁行业,63.01,84.39
600232,金鹰股份,纺织服装,172.53,42.89
600233,圆通速递,交运物流,52.45,682.5
600234,ST山水,房地产,259.77,37.07
600235,民丰特纸,造纸印刷,284.38,35.69
600236,桂冠电力,电力行业,11.87,388.1
600237,铜峰电子,电子元件,0.0,43.46
600238,海南椰岛,酿酒行业,0.0,52.80
600239,云南城投,房地产,28.72,70.11
600240,华业资本,房地产,14.03,162.2
600241,时代万恒,国际贸易,0.0,38.27
600242,中昌数据,软件服务,0.0,88.62
600243,青海华鼎,机械行业,0.0,51.65
600246,万通地产,房地产,98.88,109.1
600247,ST成城,商业百货,0.0,52.25
600248,延长化建,石油行业,38.41,47.17
600249,两面针,化工行业,0.0,60.50
600250,南纺股份,纺织服装,0.0,36.24
600251,冠农股份,农牧饲渔,428.19,69.62
600252,中恒集团,医药制造,27.54,159.2
600253,天方药业,医药制造,0.0,0
600255,鑫科材料,有色金属,0.0,87.06
600256,广汇能源,石油行业,110.45,242.3
600257,大湖股份,农牧饲渔,670.06,46.78
600258,首旅酒店,旅游酒店,88.8,186.0
600259,广晟有色,有色金属,0.0,139.6
600260,凯乐科技,材料行业,91.96,138.4
600261,阳光照明,电子元件,22.93,108.5
600262,北方股份,机械行业,0.0,62.97
600263,路桥建设,工程建设,0.0,0
600265,ST景谷,木业家具,130.84,44.11
600266,北京城建,房地产,25.52,233.0
600267,海正药业,医药制造,319.05,131.9
600268,国电南自,输配电气,168.33,53.04
600269,赣粤高速,高速公路,12.16,126.1
600270,外运发展,交运物流,16.05,159.7
600271,航天信息,软件服务,25.24,387.7
600272,开开实业,商业百货,234.18,44.37
600273,嘉化能源,化工行业,17.03,121.7
600275,武昌鱼,房地产,0.0,73.48
600276,恒瑞医药,医药制造,49.07,1270
600277,亿利洁能,化工行业,73.93,214.5
600278,东方创业,国际贸易,53.47,79.59
600279,重庆港九,港口水运,69.07,54.19
600280,中央商场,商业百货,90.3,96.46
600281,太化股份,化工行业,0.0,44.34
600282,南钢股份,钢铁行业,41.44,146.6
600283,钱江水利,公用事业,0.0,43.17
600284,浦东建设,工程建设,23.8,85.45
600285,羚锐制药,医药制造,16.2,72.97
600286,S*ST国瓷,-,0.0,0
600287,江苏舜天,商业百货,89.13,41.89
600288,大恒科技,电子信息,0.0,57.88
600289,亿阳信通,软件服务,63.0,81.78
600290,华仪电气,输配电气,212.68,87.69
600291,西水股份,多元金融,318.91,164.2
600292,远达环保,环保工程,60.68,91.98
600293,三峡新材,玻璃陶瓷,514.87,144.4
600295,鄂尔多斯,钢铁行业,44.34,107.5
600296,S兰铝,-,0.0,0
600297,广汇汽车,汽车行业,19.37,517.6
600298,安琪酵母,食品饮料,32.26,172.6
600299,安迪苏,农药兽药,18.6,383.2
600300,维维股份,食品饮料,160.94,112.9
600301,*ST南化,化工行业,0.0,29.84
600302,标准股份,专用设备,0.0,36.23
600303,曙光股份,汽车行业,146.36,67.49
600305,恒顺醋业,食品饮料,42.38,66.12
600306,*ST商城,商业百货,0.0,28.45
600307,酒钢宏兴,钢铁行业,245.45,202.3
600308,华泰股份,造纸印刷,43.34,68.89
600309,万华化学,化工行业,18.5,616.7
600310,桂东电力,电力行业,52.05,71.85
600311,荣华实业,贵金属,0.0,45.66
600312,平高电气,输配电气,18.85,230.0
600313,农发种业,农牧饲渔,300.54,63.09
600315,上海家化,化工行业,94.77,204.7
600316,洪都航空,航天航空,1357.53,149.9
600317,营口港,港口水运,48.93,230.4
600318,新力金融,多元金融,45.62,74.20
600319,亚星化学,化工行业,141.76,37.97
600320,振华重工,机械行业,118.53,245.9
600321,国栋建设,水泥建材,0.0,87.61
600322,天房发展,房地产,0.0,69.22
600323,瀚蓝环境,公用事业,21.65,110.1
600325,华发股份,房地产,30.75,155.7
600326,西藏天路,工程建设,32.25,81.61
600327,大东方,商业百货,23.32,54.05
600328,兰太实业,化工行业,67.91,54.62
600329,中新药业,医药制造,32.1,149.5
600330,天通股份,电子元件,62.77,90.85
600331,宏达股份,有色金属,190.16,131.1
600332,白云山,医药制造,31.32,472.3
600333,长春燃气,公用事业,117.98,44.59
600335,国机汽车,国际贸易,18.99,135.5
600336,澳柯玛,家电行业,71.66,57.25
600337,美克家居,木业家具,28.23,93.39
600338,西藏珠峰,有色金属,32.24,209.6
600339,*ST油工,工程建设,0.0,421.0
600340,华夏幸福,房地产,12.83,787.2
600343,航天动力,机械行业,569.47,142.0
600345,长江通信,通讯行业,67.33,46.83
600346,恒力股份,化纤行业,20.57,242.7
600348,阳泉煤业,煤炭采选,96.6,163.5
600349,富通昭和,-,0.0,0
600350,山东高速,高速公路,10.34,339.7
600351,亚宝药业,医药制造,77.2,70.83
600352,浙江龙盛,化工行业,16.31,309.4
600353,旭光股份,电子元件,132.59,60.03
600354,敦煌种业,农牧饲渔,0.0,43.75
600355,精伦电子,电子元件,1266.27,47.04
600356,恒丰纸业,造纸印刷,38.94,36.86
600357,承德钒钛,-,0.0,0
600358,国旅联合,旅游酒店,0.0,53.17
600359,新农开发,农牧饲渔,0.0,36.32
600360,华微电子,电子元件,136.51,69.08
600361,华联综超,商业百货,0.0,47.14
600362,江西铜业,有色金属,46.12,607.7
600363,联创光电,电子元件,39.57,82.58
600365,通葡股份,酿酒行业,3460.13,47.56
600366,宁波韵升,有色金属,11.19,115.8
600367,红星发展,化工行业,86.1,39.49
600368,五洲交通,高速公路,24.96,55.45
600369,西南证券,券商信托,25.65,361.3
600370,三房巷,纺织服装,77.97,47.12
600371,万向德农,农牧饲渔,88.52,35.74
600372,中航电子,航天航空,74.85,344.6
600373,中文传媒,文化传媒,24.18,313.2
600375,华菱星马,专用设备,61.5,46.46
600376,首开股份,房地产,19.87,319.4
600377,宁沪高速,高速公路,14.08,471.0
600378,天科股份,化工行业,159.83,43.33
600379,宝光股份,输配电气,98.68,53.61
600380,健康元,医药制造,30.29,151.0
600381,青海春天,医药制造,96.09,113.0
600382,广东明珠,国际贸易,41.76,73.99
600383,金地集团,房地产,21.13,483.0
600385,山东金泰,贵金属,1264.09,29.61
600386,北巴传媒,交运物流,50.03,58.91
600387,海越股份,石油行业,0.0,69.27
600388,龙净环保,机械行业,24.55,140.6
600389,江山股份,农药兽药,539.65,58.18
600390,*ST金瑞,材料行业,437.37,567.1
600391,成发科技,航天航空,227.82,120.6
600392,盛和资源,有色金属,0.0,177.8
600393,粤泰股份,房地产,141.45,205.3
600395,盘江股份,煤炭采选,129.22,132.2
600396,金山股份,电力行业,27.17,74.96
600397,安源煤业,煤炭采选,0.0,51.97
600398,海澜之家,纺织服装,15.29,477.6
600399,抚顺特钢,钢铁行业,54.65,96.20
600400,红豆股份,纺织服装,109.3,140.8
600401,海润光伏,材料行业,183.11,110.6
600403,*ST大有,煤炭采选,0.0,124.3
600405,动力源,电子元件,156.52,48.31
600406,国电南瑞,输配电气,39.46,403.9
600408,安泰集团,煤炭采选,0.0,42.99
600409,三友化工,化工行业,22.61,171.9
600410,华胜天成,软件服务,334.62,112.4
600415,小商品城,商业百货,38.57,427.3
600416,湘电股份,机械行业,130.89,170.2
600418,江淮汽车,汽车行业,19.31,224.4
600419,天润乳业,食品饮料,60.91,60.62
600420,现代制药,医药制造,38.37,183.0
600421,仰帆控股,医药制造,0.0,38.53
600422,昆药集团,医药制造,24.85,101.2
600423,柳化股份,化肥行业,0.0,29.27
600425,青松建化,水泥建材,0.0,110.4
600426,华鲁恒升,化肥行业,19.48,167.4
600428,中远海特,港口水运,364.77,161.4
600429,三元股份,食品饮料,54.4,124.1
600432,*ST吉恩,有色金属,0.0,106.8
600433,冠豪高新,造纸印刷,87.74,95.22
600435,北方导航,机械行业,4726.5,240.7
600436,片仔癀,医药制造,47.04,301.7
600438,通威股份,农牧饲渔,20.89,251.2
600439,瑞贝卡,工艺商品,46.95,74.05
600444,国机通用,机械行业,463.31,30.82
600446,金证股份,软件服务,143.81,186.3
600448,华纺股份,纺织服装,209.39,32.10
600449,宁夏建材,水泥建材,118.45,68.28
600452,涪陵电力,电力行业,44.2,76.30
600455,博通股份,软件服务,0.0,31.39
600456,宝钛股份,有色金属,0.0,108.5
600458,时代新材,材料行业,44.67,121.5
600459,贵研铂业,有色金属,88.69,67.33
600460,士兰微,电子元件,85.45,81.94
600461,洪城水业,公用事业,20.02,60.88
600462,九有股份,电子元件,829.14,43.45
600463,空港股份,房地产,159.76,44.97
600466,蓝光发展,房地产,75.02,209.3
600467,好当家,农牧饲渔,117.14,61.36
600468,百利电气,输配电气,132.64,69.00
600469,风神股份,汽车行业,27.79,67.15
600470,六国化工,化肥行业,0.0,41.36
600472,包头铝业,-,0.0,0
600475,华光股份,机械行业,54.31,50.74
600476,湘邮科技,软件服务,2056.27,47.53
600477,杭萧钢构,水泥建材,29.31,116.9
600478,科力远,电子元件,0.0,138.7
600479,千金药业,医药制造,39.33,58.77
600480,凌云股份,塑胶制品,39.01,83.11
600481,双良节能,化工行业,77.51,135.3
600482,中国动力,材料行业,52.67,565.2
600483,福能股份,电力行业,19.09,178.3
600485,信威集团,通讯行业,22.52,426.9
600486,扬农化工,农药兽药,29.4,115.4
600487,亨通光电,通讯行业,22.73,317.5
600488,天药股份,医药制造,97.43,62.17
600489,中金黄金,贵金属,77.68,423.1
600490,鹏欣资源,有色金属,229.68,148.8
600491,龙元建设,工程建设,53.15,144.6
600493,凤竹纺织,纺织服装,209.99,40.23
600495,晋西车轴,交运设备,370.85,99.92
600496,精工钢构,水泥建材,37.84,68.73
600497,驰宏锌锗,有色金属,317.72,301.7
600498,烽火通信,通讯行业,37.82,267.7
600499,科达洁能,机械行业,23.87,114.3
600500,中化国际,化工行业,77.82,233.5
600501,航天晨光,专用设备,0.0,82.11
600502,安徽水利,工程建设,29.5,90.15
600503,华丽家族,房地产,76.15,127.2
600505,西昌电力,电力行业,66.75,39.30
600506,香梨股份,农牧饲渔,0.0,34.05
600507,方大特钢,钢铁行业,15.34,94.68
600508,上海能源,煤炭采选,18.72,84.56
600509,天富能源,电力行业,20.54,74.90
600510,黑牡丹,工程建设,27.74,98.01
600511,国药股份,医药制造,29.47,161.4
600512,腾达建设,工程建设,105.62,89.22
600513,联环药业,医药制造,56.39,35.35
600515,海航基础,商业百货,55.18,482.2
600516,方大炭素,材料行业,149.65,157.1
600517,置信电气,输配电气,36.35,132.9
600518,康美药业,医药制造,26.69,922.2
600519,贵州茅台,酿酒行业,28.63,4759
600520,*ST中发,机械行业,0.0,35.04
600521,华海药业,医药制造,45.37,233.1
600522,中天科技,通讯行业,24.12,368.2
600523,贵航股份,汽车行业,38.96,67.49
600525,长园集团,材料行业,32.02,205.0
600526,菲达环保,专用设备,95.35,66.51
600527,江南高纤,化纤行业,178.54,49.01
600528,中铁工业,工程建设,201.48,308.9
600529,山东药玻,玻璃陶瓷,32.81,56.83
600530,交大昂立,医药制造,29.96,54.21
600531,豫光金铅,有色金属,111.83,90.38
600532,宏达矿业,有色金属,0.0,75.71
600533,栖霞建设,房地产,89.98,55.96
600535,天士力,医药制造,32.56,435.4
600536,中国软件,软件服务,0.0,118.9
600537,亿晶光电,电子元件,16.87,86.82
600538,国发股份,农药兽药,0.0,58.84
600539,ST狮头,水泥建材,0.0,42.60
600540,新赛股份,农牧饲渔,0.0,40.26
600543,莫高股份,酿酒行业,160.4,46.27
600545,新疆城建,工程建设,0.0,90.49
600546,*ST山煤,煤炭采选,0.0,97.54
600547,山东黄金,贵金属,52.85,683.2
600548,深高速,高速公路,16.28,190.4
600549,厦门钨业,有色金属,120.35,245.6
600550,保变电气,输配电气,99.98,109.1
600551,时代出版,文化传媒,25.53,102.8
600552,凯盛科技,材料行业,73.14,61.59
600553,太行水泥,水泥建材,0.0,0
600555,海航创新,旅游酒店,0.0,73.26
600556,ST慧球,公用事业,0.0,47.10
600557,康缘药业,医药制造,28.59,111.7
600558,大西洋,金属制品,127.44,56.64
600559,老白干酒,酿酒行业,89.74,99.40
600560,金自天正,机械行业,188.0,37.33
600561,江西长运,交运物流,71641.55,31.13
600562,国睿科技,机械行业,87.88,156.1
600563,法拉电子,电子元件,24.91,90.97
600565,迪马股份,房地产,21.3,165.5
600566,济川药业,医药制造,28.87,269.7
600567,山鹰纸业,造纸印刷,58.2,160.7
600568,中珠医疗,医药制造,63.81,142.7
600569,安阳钢铁,钢铁行业,63.71,78.51
600570,恒生电子,软件服务,1455.06,266.2
600571,信雅达,软件服务,68.28,83.71
600572,康恩贝,医药制造,28.61,171.7
600573,惠泉啤酒,酿酒行业,4161.97,36.45
600575,皖江物流,港口水运,48.94,231.4
600576,万家文化,文化传媒,104.3,96.71
600577,精达股份,金属制品,57.2,128.1
600578,京能电力,电力行业,17.57,261.1
600579,天华院,机械行业,1944.91,61.60
600580,卧龙电气,输配电气,55.02,110.5
600581,*ST八钢,钢铁行业,0.0,67.29
600582,天地科技,机械行业,47.24,229.7
600583,海油工程,石油行业,25.35,333.4
600584,长电科技,电子元件,250.2,199.2
600585,海螺水泥,水泥建材,13.23,1128
600586,金晶科技,玻璃陶瓷,126.73,71.92
600587,新华医疗,医疗行业,52.26,102.2
600588,用友网络,软件服务,137.75,271.9
600589,广东榕泰,化工行业,58.7,62.00
600590,泰豪科技,输配电气,116.79,104.8
600591,*ST上航,民航机场,0.0,0
600592,龙溪股份,机械行业,0.0,76.35
600593,大连圣亚,旅游酒店,36.24,33.45
600594,益佰制药,医药制造,37.72,146.0
600595,中孚实业,有色金属,169.05,98.05
600596,新安股份,农药兽药,0.0,68.05
600597,光明乳业,食品饮料,28.73,161.8
600598,北大荒,农牧饲渔,28.32,208.2
600599,熊猫金控,多元金融,0.0,46.26
600600,青岛啤酒,酿酒行业,18.89,463.4
600601,方正科技,电子信息,0.0,97.67
600602,云赛智联,电子信息,52.41,124.6
600603,大洲兴业,交运物流,39.06,96.42
600604,市北高新,房地产,81.16,177.5
600605,汇通能源,商业百货,129.76,32.21
600606,绿地控股,房地产,13.01,1027
600607,上实医药,医药制造,0.0,0
600608,*ST沪科,金属制品,0.0,44.07
600609,金杯汽车,汽车行业,0.0,88.29
600610,中毅达,园林工程,0.0,106.6
600611,大众交通,交运物流,25.66,148.5
600612,老凤祥,珠宝首饰,20.15,215.8
600613,神奇制药,医药制造,63.25,82.67
600614,鹏起科技,有色金属,269.92,247.5
600615,丰华股份,金属制品,388.15,35.93
600616,金枫酒业,酿酒行业,91.96,67.52
600617,国新能源,公用事业,24.09,119.0
600618,氯碱化工,化工行业,0.0,148.7
600619,海立股份,机械行业,145.28,105.9
600620,天宸股份,综合行业,170.34,102.5
600621,华鑫股份,房地产,48.29,74.47
600622,嘉宝集团,房地产,54.71,125.7
600623,华谊集团,化工行业,69.97,252.0
600624,复旦复华,综合行业,113.27,57.65
600625,PT水仙,-,0.0,0
600626,申达股份,国际贸易,39.93,81.46
600627,上电股份,-,0.0,0
600628,新世界,商业百货,153.54,84.09
600629,华建集团,工程建设,47.86,86.83
600630,龙头股份,纺织服装,68.15,63.94
600631,百联股份,商业百货,0.0,0
600632,华联商厦,-,0.0,0
600633,浙报传媒,文化传媒,41.34,252.8
600634,富控互动,软件服务,221.46,123.0
600635,大众公用,公用事业,33.01,192.2
600636,三爱富,化工行业,0.0,61.95
600637,东方明珠,文化传媒,23.56,606.0
600638,新黄浦,房地产,63.9,114.6
600639,浦东金桥,房地产,31.75,200.0
600640,号百控股,旅游酒店,481.71,159.5
600641,万业企业,房地产,15.16,108.9
600642,申能股份,电力行业,11.63,282.7
600643,爱建集团,多元金融,32.17,199.6
600644,乐山电力,电力行业,23.47,49.64
600645,中源协和,医药制造,1404.42,103.5
600646,ST国嘉,-,0.0,0
600647,同达创业,综合行业,47.93,47.71
600648,外高桥,房地产,27.73,230.4
600649,城投控股,房地产,24.56,514.5
600650,锦江投资,交运物流,53.32,126.4
600651,飞乐音响,电子元件,70.68,103.7
600652,游久游戏,电子信息,241.05,91.01
600653,申华控股,综合行业,0.0,73.77
600654,中安消,软件服务,60.92,223.6
600655,豫园商城,商业百货,34.28,164.1
600656,退市博元,综合行业,0.0,0
600657,信达地产,房地产,39.02,89.63
600658,电子城,房地产,65.25,111.6
600659,*ST花雕,-,0.0,0
600660,福耀玻璃,玻璃陶瓷,17.94,563.9
600661,新南洋,文教休闲,40.9,70.99
600662,强生控股,交运物流,62.65,109.8
600663,陆家嘴,房地产,29.33,776.9
600664,哈药股份,医药制造,25.15,198.2
600665,天地源,房地产,21.31,49.08
600666,奥瑞德,电子元件,47.97,223.2
600667,太极实业,电子元件,285.64,152.9
600668,尖峰集团,水泥建材,27.94,62.93
600669,*ST鞍成,-,0.0,0
600670,*ST斯达,-,0.0,0
600671,天目药业,医药制造,0.0,40.05
600672,*ST华圣,-,0.0,0
600673,东阳光科,有色金属,164.39,180.0
600674,川投能源,电力行业,10.66,398.0
600675,中华企业,房地产,21.19,138.9
600676,交运股份,汽车行业,29.28,90.10
600677,航天通信,航天航空,347.22,92.72
600678,四川金顶,水泥建材,0.0,50.60
600679,上海凤凰,文教休闲,297.44,136.3
600680,ST上普,通讯行业,0.0,104.5
600681,百川能源,公用事业,28.64,157.8
600682,南京新百,商业百货,0.0,402.3
600683,京投发展,房地产,50.69,66.45
600684,珠江实业,房地产,17.08,58.46
600685,中船防务,船舶制造,5313.16,467.9
600686,金龙汽车,汽车行业,0.0,94.77
600687,刚泰控股,贵金属,47.12,209.0
600688,上海石化,石油行业,11.71,697.7
600689,上海三毛,纺织服装,36.92,34.15
600690,青岛海尔,家电行业,13.92,709.8
600691,阳煤化工,化肥行业,0.0,58.15
600692,亚通股份,港口水运,133.1,62.72
600693,东百集团,商业百货,1038.5,112.2
600694,大商股份,商业百货,14.08,121.6
600695,绿庭投资,多元金融,1356.4,69.98
600696,匹凸匹,房地产,0.0,31.57
600697,欧亚集团,商业百货,19.69,54.66
600698,湖南天雁,交运设备,1273.98,133.9
600699,均胜电子,汽车行业,57.76,310.7
600700,*ST数码,-,0.0,0
600701,工大高新,综合行业,227.13,173.9
600702,沱牌舍得,酿酒行业,111.37,89.32
600703,三安光电,电子元件,32.66,651.3
600704,物产中大,国际贸易,18.76,310.1
600705,中航资本,多元金融,24.45,568.2
600706,曲江文旅,旅游酒店,43.04,37.93
600707,彩虹股份,电子元件,0.0,61.52
600708,光明地产,房地产,44.04,123.0
600709,ST生态,-,0.0,0
600710,*ST常林,专用设备,0.0,0
600711,盛屯矿业,有色金属,56.29,106.1
600712,南宁百货,商业百货,0.0,53.98
600713,南京医药,医药制造,41.92,71.97
600714,金瑞矿业,煤炭采选,31.58,41.12
600715,文投控股,文化传媒,77.13,375.5
600716,凤凰股份,房地产,133.0,69.74
600717,天津港,港口水运,16.05,202.8
600718,东软集团,软件服务,9.46,257.8
600719,大连热电,电力行业,270.56,36.78
600720,祁连山,水泥建材,52.15,86.87
600721,百花村,医药制造,49.84,69.35
600722,金牛化工,化工行业,285.6,74.02
600723,首商股份,商业百货,22.41,66.30
600724,宁波富达,房地产,14.61,85.70
600725,ST云维,化工行业,2.27,35.13
600726,华电能源,电力行业,28.64,97.15
600727,鲁北化工,化肥行业,114.75,34.61
600728,佳都科技,软件服务,10147.62,145.5
600729,重庆百货,商业百货,25.47,106.6
600730,中国高科,房地产,8.26,70.16
600731,湖南海利,农药兽药,265.69,37.61
600732,*ST新梅,房地产,0.0,0
600733,S*ST前锋,房地产,0.0,99.15
600734,实达集团,房地产,49.78,83.74
600735,新华锦,国际贸易,134.62,77.98
600736,苏州高新,房地产,33.09,101.6
600737,中粮糖业,食品饮料,52.76,233.7
600738,兰州民百,商业百货,59.02,36.85
600739,辽宁成大,商业百货,24.5,271.7
600740,山西焦化,煤炭采选,133.0,58.81
600741,华域汽车,汽车行业,9.19,547.3
600742,一汽富维,汽车行业,17.45,74.54
600743,华远地产,房地产,23.35,109.1
600744,华银电力,电力行业,48.69,91.55
600745,中茵股份,房地产,315.01,140.3
600746,江苏索普,化工行业,119.72,36.80
600747,大连控股,国际贸易,0.0,76.15
600748,上实发展,房地产,35.41,149.2
600749,西藏旅游,旅游酒店,0.0,38.83
600750,江中药业,医药制造,27.26,103.5
600751,天海投资,港口水运,79.81,228.8
600752,*ST哈慈,-,0.0,0
600753,东方银星,房地产,0.0,44.42
600754,锦江股份,旅游酒店,42.18,284.4
600755,厦门国贸,国际贸易,14.48,151.3
600756,浪潮软件,软件服务,59.84,69.10
600757,长江传媒,文化传媒,18.99,103.3
600758,红阳能源,煤炭采选,0.0,140.2
600759,洲际油气,石油行业,1514.57,177.2
600760,中航黑豹,汽车行业,360.75,130.3
600761,安徽合力,专用设备,23.68,93.69
600762,S*ST金荔,-,0.0,0
600763,通策医疗,医药制造,55.07,90.87
600764,中电广通,电子信息,387.17,106.9
600765,中航重机,航天航空,50.15,121.6
600766,园城黄金,贵金属,744.15,36.03
600767,运盛医疗,软件服务,0.0,42.90
600768,宁波富邦,有色金属,152.49,27.93
600769,祥龙电业,工程建设,2312.29,41.43
600770,综艺股份,综合行业,230.72,125.8
600771,广誉远,医药制造,118.52,145.6
600772,S*ST龙昌,-,0.0,0
600773,西藏城投,房地产,130.38,95.67
600774,汉商集团,商业百货,454.24,41.64
600775,南京熊猫,通讯行业,131.25,138.4
600776,东方通信,通讯行业,115.41,103.6
600777,新潮能源,石油行业,0.0,137.3
600778,友好集团,商业百货,0.0,33.45
600779,水井坊,酿酒行业,61.09,121.5
600780,通宝能源,电力行业,45.52,67.30
600781,辅仁药业,医药制造,123.85,33.65
600782,新钢股份,钢铁行业,28.25,104.0
600783,鲁信创投,综合行业,40.1,177.5
600784,鲁银投资,综合行业,123.26,51.42
600785,新华百货,商业百货,90.49,56.97
600786,东方锅炉,-,0.0,0
600787,中储股份,交运物流,25.14,192.9
600788,*ST达曼,-,0.0,0
600789,鲁抗医药,医药制造,196.84,57.29
600790,轻纺城,商业百货,19.76,72.98
600791,京能置业,房地产,101.11,36.96
600792,云煤能源,煤炭采选,0.0,55.04
600793,宜宾纸业,造纸印刷,0.0,44.10
600794,保税科技,交运物流,268.35,66.18
600795,国电电力,电力行业,9.77,630.8
600796,钱江生化,农药兽药,69.15,34.72
600797,浙大网新,电子信息,62.0,132.1
600798,宁波海运,港口水运,69.87,61.75
600799,*ST龙科,-,0.0,0
600800,天津磁卡,电子信息,0.0,75.19
600801,华新水泥,水泥建材,35.65,161.1
600802,福建水泥,水泥建材,0.0,54.11
600803,新奥股份,化工行业,52.29,134.5
600804,鹏博士,电信运营,35.9,290.4
600805,悦达投资,综合行业,63.01,74.62
600806,*ST昆机,机械行业,0.0,36.91
600807,天业股份,房地产,104.59,121.5
600808,马钢股份,钢铁行业,24.94,252.6
600809,山西汾酒,酿酒行业,43.57,262.1
600810,神马股份,化纤行业,43.98,43.70
600811,东方集团,综合行业,30.14,203.7
600812,华北制药,医药制造,184.61,100.5
600813,ST鞍一工,-,0.0,0
600814,杭州解百,商业百货,45.81,82.87
600815,厦工股份,机械行业,0.0,74.42
600816,安信信托,券商信托,17.4,527.8
600817,*ST宏盛,多元金融,0.0,30.03
600818,中路股份,文教休闲,112.91,102.0
600819,耀皮玻璃,玻璃陶瓷,142.52,79.37
600820,隧道股份,工程建设,25.22,352.8
600821,津劝业,商业百货,1195.76,47.91
600822,上海物贸,国际贸易,415.21,91.85
600823,世茂股份,房地产,9.31,197.2
600824,益民集团,商业百货,48.22,72.73
600825,新华传媒,文化传媒,183.9,89.55
600826,兰生股份,国际贸易,13.17,110.7
600827,百联股份,商业百货,30.28,301.3
600828,茂业商业,商业百货,28.08,159.5
600829,人民同泰,医药制造,38.49,86.40
600830,香溢融通,多元金融,49.03,52.97
600831,广电网络,文化传媒,47.66,78.10
600832,东方明珠,旅游酒店,0.0,0
600833,第一医药,医药制造,82.24,45.60
600834,申通地铁,交运物流,135.56,70.41
600835,上海机电,机械行业,15.23,220.7
600836,界龙实业,包装材料,0.0,66.34
600837,海通证券,券商信托,20.26,1720
600838,上海九百,商业百货,30.07,64.74
600839,四川长虹,家电行业,29.06,202.2
600840,新湖创业,-,0.0,0
600841,上柴股份,机械行业,130.19,127.4
600842,中西药业,-,0.0,0
600843,上工申贝,机械行业,43.55,91.34
600844,丹化科技,化工行业,0.0,79.39
600845,宝信软件,软件服务,42.31,142.0
600846,同济科技,工程建设,48.32,56.60
600847,万里股份,材料行业,0.0,33.98
600848,上海临港,房地产,106.78,221.3
600849,上药转换,-,0.0,0
600850,华东电脑,电子信息,35.23,98.32
600851,海欣股份,纺织服装,66.09,140.6
600852,*ST中川,-,0.0,0
600853,龙建股份,工程建设,188.3,38.01
600854,春兰股份,家电行业,88.61,43.22
600855,航天长峰,安防设备,165.91,95.80
600856,中天能源,石油行业,29.18,128.6
600857,宁波中百,商业百货,92.05,39.12
600858,银座股份,商业百货,106.25,51.07
600859,王府井,商业百货,21.98,126.4
600860,*ST京城,机械行业,0.0,38.99
600861,北京城乡,商业百货,45.36,47.81
600862,中航高科,航天航空,227.68,167.2
600863,内蒙华电,电力行业,25.96,188.8
600864,哈投股份,公用事业,43.76,217.0
600865,百大集团,商业百货,40.27,49.89
600866,*ST星湖,食品饮料,228.38,46.40
600867,通化东宝,医药制造,45.58,304.2
600868,梅雁吉祥,电力行业,151.11,103.1
600869,智慧能源,输配电气,48.52,183.8
600870,厦华电子,电子信息,0.0,48.87
600871,石化油服,石油行业,0.0,528.9
600872,中炬高新,食品饮料,37.04,126.4
600873,梅花生物,食品饮料,21.87,227.8
600874,创业环保,公用事业,24.31,118.9
600875,东方电气,输配电气,0.0,252.2
600876,洛阳玻璃,玻璃陶瓷,0.0,126.6
600877,中国嘉陵,交运设备,0.0,63.64
600878,*ST北科,-,0.0,0
600879,航天电子,航天航空,51.7,247.3
600880,博瑞传播,文化传媒,148.36,89.22
600881,亚泰集团,水泥建材,102.26,159.6
600882,广泽股份,食品饮料,132.5,42.68
600883,博闻科技,水泥建材,119.92,35.70
600884,杉杉股份,纺织服装,49.61,177.3
600885,宏发股份,电子元件,29.09,185.6
600886,国投电力,电力行业,11.14,506.2
600887,伊利股份,食品饮料,19.66,1151
600888,新疆众和,电子信息,146.37,64.25
600889,南京化纤,化纤行业,43.81,39.80
600890,中房股份,金属制品,0.0,65.28
600891,秋林集团,商业百货,22.04,58.36
600892,大晟文化,文化传媒,99.51,84.58
600893,中航动力,航天航空,74.82,666.5
600894,广日股份,专用设备,10.57,118.8
600895,张江高科,房地产,53.6,277.2
600896,览海投资,港口水运,0.0,93.52
600897,厦门空港,民航机场,17.81,76.98
600898,三联商社,通讯行业,286.78,46.44
600899,*ST信联,-,0.0,0
600900,长江电力,电力行业,13.47,2935
600908,无锡银行,银行,26.21,244.0
600909,华安证券,券商信托,85.71,456.2
600917,重庆燃气,公用事业,51.87,195.9
600919,江苏银行,银行,10.98,1165
600926,杭州银行,银行,12.86,575.6
600936,广西广电,文化传媒,55.71,206.4
600939,重庆建工,工程建设,126.03,369.8
600958,东方证券,券商信托,37.3,932.9
600959,江苏有线,文化传媒,42.18,412.5
600960,渤海活塞,机械行业,167.29,83.55
600961,株冶集团,有色金属,145.97,61.55
600962,国投中鲁,食品饮料,1010.38,47.38
600963,岳阳林纸,造纸印刷,333.32,94.09
600965,福成股份,农牧饲渔,62.62,115.7
600966,博汇纸业,造纸印刷,31.87,64.17
600967,北方创业,机械行业,0.0,255.3
600969,郴电国际,电力行业,38.99,44.70
600970,中材国际,水泥建材,32.62,166.8
600971,恒源煤电,煤炭采选,49.43,77.10
600973,宝胜股份,输配电气,31.42,83.47
600975,新五丰,农牧饲渔,20.19,55.35
600976,健民集团,医药制造,74.83,48.38
600977,中国电影,文化传媒,50.28,463.0
600978,宜华生活,木业家具,21.37,173.8
600979,广安爱众,公用事业,33.43,75.07
600980,北矿科技,机械行业,138.95,33.53
600981,汇鸿集团,国际贸易,26.65,199.6
600982,宁波热电,电力行业,60.74,41.90
600983,惠而浦,家电行业,24.92,82.85
600984,建设机械,机械行业,73.18,68.77
600985,雷鸣科化,化工行业,37.19,43.16
600986,科达股份,工程建设,36.36,146.7
600987,航民股份,纺织服装,15.5,84.12
600988,赤峰黄金,贵金属,53.38,108.5
600990,四创电子,电子元件,75.12,97.25
600991,广汽长丰,汽车行业,0.0,0
600992,贵绳股份,金属制品,231.82,40.64
600993,马应龙,医药制造,34.81,96.00
600995,文山电力,电力行业,31.27,61.49
600996,贵广网络,文化传媒,30.86,190.1
600997,开滦股份,煤炭采选,38.79,105.4
600998,九州通,医药制造,55.04,335.7
600999,招商证券,券商信托,20.94,1111
601000,唐山港,港口水运,16.29,208.8
601001,大同煤业,煤炭采选,29.76,102.3
601002,晋亿实业,机械行业,141.01,83.15
601003,柳钢股份,钢铁行业,74.95,123.5
601005,重庆钢铁,钢铁行业,0.0,111.8
601006,大秦铁路,交运物流,16.03,1100
601007,金陵饭店,旅游酒店,97.49,46.41
601008,连云港,港口水运,785.77,76.65
601009,南京银行,银行,8.53,722.2
601010,文峰股份,商业百货,37.58,92.58
601011,宝泰隆,煤炭采选,292.27,96.27
601012,隆基股份,材料行业,20.69,320.1
601015,陕西黑猫,煤炭采选,39.64,85.47
601016,节能风电,输配电气,94.86,178.9
601018,宁波港,港口水运,29.43,740.3
601020,华钰矿业,有色金属,129.16,182.3
601021,春秋航空,民航机场,19.11,298.0
601028,玉龙股份,金属制品,0.0,80.51
601038,一拖股份,机械行业,35.62,119.6
601058,赛轮金宇,汽车行业,22.61,92.22
601069,西部黄金,贵金属,112.32,142.1
601088,中国神华,煤炭采选,16.71,3795
601098,中南传媒,文化传媒,20.38,319.9
601099,太平洋,券商信托,47.67,318.3
601100,恒立液压,机械行业,191.57,104.9
601101,昊华能源,煤炭采选,0.0,83.52
601106,中国一重,机械行业,0.0,287.0
601107,四川成渝,高速公路,11.42,156.6
601111,中国国航,民航机场,12.96,1249
601113,华鼎锦纶,化纤行业,117.97,85.80
601116,三江购物,商业百货,126.03,128.8
601117,中国化学,工程建设,22.31,429.2
601118,海南橡胶,塑胶制品,0.0,277.1
601126,四方股份,输配电气,41.94,84.00
601127,小康股份,汽车行业,44.88,230.4
601128,常熟银行,银行,26.54,274.3
601137,博威合金,有色金属,50.29,92.20
601139,深圳燃气,公用事业,20.3,202.6
601155,新城控股,房地产,11.31,341.6
601158,重庆水务,公用事业,22.47,376.8
601163,三角轮胎,塑胶制品,34.75,262.9
601166,兴业银行,银行,5.26,3086
601168,西部矿业,有色金属,186.96,186.6
601169,北京银行,银行,7.34,1463
601177,杭齿前进,机械行业,566.09,49.13
601179,中国西电,输配电气,31.38,315.8
601186,中国铁建,工程建设,14.93,1816
601188,龙江交通,高速公路,23.18,80.40
601198,东兴证券,券商信托,36.07,527.6
601199,江南水务,公用事业,23.26,75.66
601206,海尔施,医疗行业,0.0,0
601208,东材科技,材料行业,94.09,50.25
601211,国泰君安,券商信托,14.63,1440
601212,白银有色,有色金属,363.3,1092
601216,君正集团,化工行业,32.63,431.2
601218,吉鑫科技,输配电气,43.05,54.15
601222,林洋能源,仪器仪表,28.66,135.3
601225,陕西煤业,煤炭采选,44.43,608.0
601226,华电重工,机械行业,431.26,93.21
601228,广州港,港口水运,0.0,0
601229,上海银行,银行,9.96,1449
601231,环旭电子,电子元件,32.12,258.7
601233,桐昆股份,化纤行业,16.51,186.9
601238,广汽集团,汽车行业,22.97,1718
601258,庞大集团,商业百货,90.66,192.9
601268,*ST二重,机械行业,0.0,0
601288,农业银行,银行,5.18,10653
601299,中国北车,交运设备,0.0,0
601311,骆驼股份,输配电气,31.64,136.8
601313,江南嘉捷,机械行业,26.82,46.59
601318,中国平安,保险,10.77,6718
601328,交通银行,银行,6.55,4589
601333,广深铁路,交运物流,26.14,379.7
601336,新华保险,保险,20.39,1301
601339,百隆东方,纺织服装,17.93,95.10
601366,利群股份,商业百货,0.0,0
601368,绿城水务,公用事业,31.31,85.21
601369,陕鼓动力,机械行业,44.73,124.1
601375,中原证券,券商信托,83.24,509.7
601377,兴业证券,券商信托,19.08,520.3
601388,怡球资源,有色金属,0.0,85.88
601390,中国中铁,工程建设,16.77,2067
601398,工商银行,银行,5.69,16894
601500,通用股份,塑胶制品,84.45,149.1
601515,东风股份,包装材料,23.02,138.1
601518,吉林高速,高速公路,27.75,53.26
601519,大智慧,软件服务,0.0,127.2
601555,东吴证券,券商信托,22.79,379.8
601558,华锐风电,输配电气,0.0,130.3
601566,九牧王,纺织服装,24.23,101.0
601567,三星医疗,仪器仪表,35.1,168.7
601579,会稽山,酿酒行业,71.75,70.87
601588,北辰实业,房地产,30.27,181.8
601595,上海电影,文化传媒,61.05,144.8
601599,鹿港文化,纺织服装,48.84,73.49
601600,中国铝业,有色金属,175.89,707.9
601601,中国太保,保险,20.81,2449
601607,上海医药,医药制造,19.05,608.8
601608,中信重工,机械行业,0.0,253.4
601611,中国核建,工程建设,69.43,465.7
601616,广电电气,输配电气,0.0,57.26
601618,中国中冶,工程建设,23.57,1055
601628,中国人寿,保险,37.08,7092
601633,长城汽车,汽车行业,10.85,1145
601636,旗滨集团,玻璃陶瓷,20.55,118.4
601666,平煤股份,煤炭采选,107.57,138.8
601668,中国建筑,工程建设,8.47,2796
601669,中国电建,工程建设,15.12,1080
601677,明泰铝业,有色金属,27.25,73.35
601678,滨化股份,化工行业,22.98,82.45
601688,华泰证券,券商信托,19.11,1226
601689,拓普集团,汽车行业,37.57,212.3
601699,潞安环能,煤炭采选,211.74,254.9
601700,风范股份,输配电气,41.35,95.98
601717,郑煤机,机械行业,250.66,155.4
601718,际华集团,纺织服装,32.68,335.2
601727,上海电气,输配电气,54.89,1131
601766,中国中车,交运设备,30.11,3019
601777,力帆股份,汽车行业,45.66,113.4
601788,光大证券,券商信托,22.59,718.8
601789,宁波建工,工程建设,38.23,67.25
601798,蓝科高新,机械行业,590.47,52.19
601799,星宇股份,汽车行业,33.49,107.4
601800,中国交建,工程建设,19.64,2952
601801,皖新传媒,文化传媒,35.76,340.2
601808,中海油服,石油行业,0.0,605.5
601811,新华文轩,文化传媒,43.07,276.4
601818,光大银行,银行,5.86,1909
601857,中国石油,石油行业,631.39,14514
601858,中国科传,文化传媒,149.29,161.7
601866,中远海发,港口水运,0.0,483.7
601872,招商轮船,港口水运,12.0,283.0
601877,正泰电器,输配电气,25.37,433.9
601880,大连港,港口水运,74.79,397.2
601881,中国银河,券商信托,32.7,1475
601882,海天精工,机械行业,226.86,143.6
601886,江河集团,装修装饰,35.49,124.8
601888,中国国旅,旅游酒店,28.51,555.3
601890,亚星锚链,船舶制造,136.09,87.79
601898,中煤能源,煤炭采选,38.47,779.6
601899,紫金矿业,贵金属,40.51,745.3
601900,南方传媒,文化传媒,26.76,123.8
601901,方正证券,券商信托,19.62,697.3
601908,京运通,机械行业,32.31,129.6
601918,新集能源,煤炭采选,57.12,138.1
601919,中远海控,港口水运,0.0,602.8
601928,凤凰传媒,文化传媒,23.02,261.1
601929,吉视传媒,文化传媒,40.46,126.6
601933,永辉超市,商业百货,49.47,537.9
601939,建设银行,银行,5.73,14801
601958,金钼股份,有色金属,0.0,256.2
601965,中国汽研,汽车行业,30.15,102.6
601966,玲珑轮胎,汽车行业,30.81,319.0
601968,宝钢包装,包装材料,476.23,79.33
601969,海南矿业,钢铁行业,0.0,232.0
601985,中国核电,机械行业,22.78,1143
601988,中国银行,银行,5.98,10745
601989,中国重工,船舶制造,119.21,1346
601991,大唐发电,电力行业,0.0,634.9
601992,金隅股份,水泥建材,16.58,501.9
601996,丰林集团,木业家具,57.1,55.10
601997,贵阳银行,银行,10.96,394.2
601998,中信银行,银行,7.91,3293
601999,出版传媒,文化传媒,49.65,61.04
603000,人民网,电子信息,183.02,183.3
603001,奥康国际,纺织服装,27.1,92.43
603002,宏昌电子,化工行业,161.57,41.04
603003,龙宇燃油,石油行业,11017.15,92.10
603005,晶方科技,电子信息,188.44,76.03
603006,联明股份,汽车行业,51.52,64.39
603007,花王股份,园林工程,92.24,76.01
603008,喜临门,木业家具,42.72,83.03
603009,北特科技,汽车行业,126.54,70.56
603010,万盛股份,化工行业,69.06,103.3
603011,合锻智能,机械行业,95.94,49.97
603012,创力集团,专用设备,58.16,64.74
603015,弘讯科技,仪器仪表,106.23,51.75
603016,新宏泰,输配电气,89.95,58.70
603017,中衡设计,工程建设,53.75,58.05
603018,中设集团,工程建设,47.1,77.94
603019,中科曙光,电子信息,177.94,176.9
603020,爱普股份,食品饮料,29.57,61.50
603021,山东华鹏,玻璃陶瓷,87.99,57.20
603022,新通联,包装材料,123.62,48.14
603023,威帝股份,汽车行业,62.72,52.16
603025,大豪科技,专用设备,66.05,157.7
603026,石大胜华,化工行业,41.6,75.52
603027,千禾味业,食品饮料,58.67,58.72
603028,赛福天,金属制品,140.37,55.05
603029,天鹅股份,机械行业,203.54,48.26
603030,全筑股份,装修装饰,136.44,54.63
603031,安德利,商业百货,110.52,45.81
603032,德新交运,交运物流,87.11,49.32
603033,三维股份,塑胶制品,60.32,46.87
603035,常熟汽饰,汽车行业,36.32,82.63
603036,如通股份,专用设备,138.36,87.95
603037,凯众股份,汽车行业,53.7,48.15
603038,华立股份,装修装饰,48.55,47.44
603039,泛微网络,软件服务,94.66,61.74
603040,新坐标,金属制品,110.58,49.20
603041,美思德,化工行业,0.0,0
603050,科林电气,输配电气,0.0,0
603058,永吉股份,造纸印刷,133.47,126.2
603060,国检集团,工程建设,70.83,80.28
603066,音飞储存,交运物流,70.21,54.69
603067,振华股份,化工行业,66.38,64.79
603069,海汽集团,交运物流,84.17,59.34
603077,和邦生物,化工行业,83.13,205.5
603078,江化微,化工行业,0.0,0
603081,大丰实业,专用设备,0.0,0
603085,天成自控,专用设备,171.56,60.42
603088,宁波精达,专用设备,151.58,42.52
603089,正裕工业,汽车行业,61.07,53.87
603090,宏盛股份,机械行业,118.19,47.10
603098,森特股份,工程建设,63.65,113.0
603099,长白山,旅游酒店,42.34,50.88
603100,川仪股份,仪器仪表,45.55,57.95
603101,汇嘉时代,商业百货,72.03,58.13
603108,润达医疗,医药制造,91.97,104.0
603111,康尼机电,交运设备,45.24,108.5
603116,红蜻蜓,纺织服装,30.67,83.40
603117,万林股份,交运物流,77.78,73.05
603118,共进股份,电子信息,41.18,141.3
603123,翠微股份,商业百货,70.72,53.72
603126,中材节能,环保工程,64.21,83.64
603128,华贸物流,交运物流,32.94,94.32
603131,上海沪工,机械行业,82.68,57.26
603133,碳元科技,电子元件,50.72,41.77
603138,海量数据,软件服务,124.45,54.27
603139,康惠制药,医药制造,0.0,0
603158,腾龙股份,汽车行业,51.07,60.44
603159,上海亚虹,专用设备,168.97,61.39
603160,汇顶科技,电子元件,59.79,480.2
603165,荣晟环保,造纸印刷,49.1,60.27
603166,福达股份,汽车行业,115.8,90.64
603167,渤海轮渡,港口水运,18.09,54.40
603168,莎普爱思,医药制造,25.54,70.60
603169,兰石重装,专用设备,472.33,153.4
603177,德创环保,环保工程,162.09,67.14
603178,N圣龙,汽车行业,18.61,15.06
603179,新泉股份,汽车行业,55.12,62.66
603186,华正新材,金属制品,72.15,61.18
603188,亚邦股份,化工行业,15.8,106.6
603189,网达软件,软件服务,287.65,76.57
603198,迎驾贡酒,酿酒行业,26.2,179.0
603199,九华旅游,旅游酒店,49.48,43.48
603203,快克股份,专用设备,65.38,60.04
603208,江山欧派,木业家具,52.23,56.74
603218,日月股份,机械行业,65.65,205.4
603222,济民制药,医药制造,143.84,48.96
603223,恒通股份,交运物流,66.37,39.53
603225,新凤鸣,化纤行业,0.0,0
603227,雪峰科技,化工行业,3376.29,59.74
603228,景旺电子,电子元件,39.44,215.4
603238,诺邦股份,纺织服装,100.24,58.80
603239,浙江仙通,汽车行业,78.21,89.16
603258,电魂网络,软件服务,55.97,143.3
603266,天龙股份,塑胶制品,59.75,48.90
603268,松发股份,玻璃陶瓷,110.62,43.26
603288,海天味业,食品饮料,32.51,924.3
603298,杭叉集团,机械行业,41.97,191.8
603299,井神股份,化工行业,1280.73,84.92
603300,华铁科技,多元金融,138.15,64.41
603303,得邦照明,电子元件,0.0,0
603306,华懋科技,汽车行业,31.85,76.53
603308,应流股份,专用设备,123.72,84.89
603309,维力医疗,医疗行业,60.14,48.44
603311,金海环境,专用设备,73.06,58.76
603313,梦百合,木业家具,48.19,91.18
603315,福鞍股份,机械行业,113.54,52.20
603318,派思股份,机械行业,1529.81,50.06
603319,湘油泵,汽车行业,90.36,45.16
603322,超讯通信,通讯行业,507.14,109.6
603323,吴江银行,银行,26.06,195.5
603328,依顿电子,电子元件,29.24,162.7
603330,上海天洋,塑胶制品,97.64,52.80
603333,明星电缆,输配电气,0.0,47.89
603336,宏辉果蔬,农牧饲渔,101.0,60.50
603337,杰克股份,专用设备,38.39,81.82
603338,浙江鼎力,机械行业,51.69,90.35
603339,四方冷链,机械行业,67.13,73.62
603345,安井食品,食品饮料,56.71,96.29
603355,莱克电气,家电行业,47.74,213.1
603358,华达科技,汽车行业,42.35,113.4
603360,百傲化学,化工行业,60.61,58.67
603366,日出东方,家电行业,26.83,79.44
603368,柳州医药,医药制造,34.58,111.0
603369,今世缘,酿酒行业,19.87,171.2
603377,东方时尚,交运物流,57.61,161.2
603385,惠达卫浴,装修装饰,0.0,0
603388,元成股份,园林工程,39.75,21.08
603389,亚振家居,木业家具,143.51,79.94
603393,新天然气,公用事业,53.74,85.71
603398,邦宝益智,工艺商品,125.59,73.54
603399,新华龙,有色金属,0.0,55.97
603416,信捷电气,仪器仪表,74.27,62.95
603421,鼎信通讯,通讯行业,61.98,167.8
603429,集友股份,造纸印刷,135.57,60.21
603444,吉比特,软件服务,42.81,250.6
603456,九洲药业,医药制造,73.22,84.24
603508,思维列控,电子信息,74.76,106.6
603515,欧普照明,电子元件,54.43,217.0
603517,绝味食品,食品饮料,48.66,185.1
603518,维格娜丝,纺织服装,50.41,50.58
603519,立霸股份,材料行业,73.88,50.91
603520,司太立,医药制造,65.19,54.12
603528,多伦科技,电子信息,43.89,143.1
603538,美诺华,医药制造,0.0,0
603555,贵人鸟,纺织服装,81.44,193.4
603556,海兴电力,输配电气,39.35,190.0
603558,健盛集团,纺织服装,97.25,100.8
603559,中通国脉,通讯行业,179.82,52.32
603566,普莱柯,医药制造,42.57,88.67
603567,珍宝岛,医药制造,34.18,172.9
603568,伟明环保,环保工程,48.32,165.5
603569,长久物流,交运物流,51.53,156.9
603577,汇金通,金属制品,115.39,70.93
603578,三星新材,玻璃陶瓷,130.56,62.29
603579,荣泰健康,专用设备,50.53,104.4
603585,苏利股份,化工行业,43.71,76.00
603586,金麒麟,汽车行业,0.0,0
603588,高能环境,环保工程,66.59,104.2
603589,口子窖,酿酒行业,21.65,205.7
603598,引力传媒,文化传媒,145.48,55.20
603599,广信股份,农药兽药,33.47,64.87
603600,永艺股份,木业家具,47.47,57.07
603601,再升科技,玻璃陶瓷,80.89,65.38
603603,博天环境,环保工程,176.55,173.7
603606,东方电缆,输配电气,144.03,51.62
603608,天创时尚,纺织服装,53.01,58.97
603609,禾丰牧业,农牧饲渔,27.07,106.9
603611,诺力股份,机械行业,40.7,65.32
603615,茶花股份,塑胶制品,91.55,83.71
603616,韩建河山,水泥建材,0.0,45.62
603618,杭电股份,输配电气,50.56,81.94
603626,科森科技,金属制品,69.46,115.9
603628,清源股份,电子元件,185.45,120.5
603630,拉芳家化,化工行业,81.69,122.1
603633,徕木股份,电子元件,106.48,50.52
603636,南威软件,软件服务,185.65,95.56
603637,镇海股份,工程建设,77.63,50.28
603638,艾迪精密,专用设备,85.68,64.73
603639,海利尔,化工行业,49.23,72.00
603656,泰禾光电,机械行业,46.14,38.60
603658,安图生物,医药制造,60.4,211.3
603660,苏州科达,专用设备,292.5,92.25
603663,三祥新材,材料行业,128.65,50.60
603665,康隆达,纺织服装,77.86,73.00
603667,五洲新春,机械行业,80.17,72.01
603668,天马科技,农牧饲渔,84.69,71.59
603669,灵康药业,医药制造,59.47,80.34
603677,奇精机械,家电行业,67.61,55.28
603678,火炬电子,电子元件,73.17,141.6
603686,龙马环卫,机械行业,44.55,94.15
603688,石英股份,材料行业,71.23,49.00
603689,皖天然气,石油行业,78.55,76.81
603690,至纯科技,专用设备,128.43,61.38
603696,安记食品,食品饮料,126.56,50.14
603698,航天工程,化工行业,205.82,119.2
603699,纽威股份,机械行业,50.86,131.3
603701,德宏股份,机械行业,65.16,45.47
603703,盛洋科技,输配电气,257.22,65.44
603708,家家悦,商业百货,46.02,109.4
603716,塞力斯,医疗行业,92.36,63.65
603717,天域生态,园林工程,36.42,40.03
603718,海利生物,医药制造,111.1,105.6
603726,朗迪集团,家电行业,78.98,52.40
603727,博迈科,石油行业,56.14,113.0
603729,龙韵股份,文化传媒,141.45,60.04
603737,三棵树,化工行业,107.18,74.74
603738,泰晶科技,电子元件,91.5,48.06
603766,隆鑫通用,机械行业,21.27,185.2
603768,常青股份,汽车行业,39.1,58.02
603777,来伊份,商业百货,106.2,113.5
603778,乾景园林,工程建设,72.9,48.46
603779,威龙股份,酿酒行业,178.36,69.07
603788,宁波高发,汽车行业,39.12,58.34
603789,星光农机,机械行业,78.06,54.64
603797,联泰环保,环保工程,0.0,0
603798,康普顿,汽车行业,46.55,58.77
603799,华友钴业,有色金属,1993.44,297.0
603800,道森股份,专用设备,0.0,75.30
603803,瑞斯康达,通讯行业,0.0,0
603806,福斯特,塑胶制品,22.98,194.8
603808,歌力思,纺织服装,68.24,82.05
603811,诚意药业,医药制造,66.89,45.60
603816,顾家家居,木业家具,37.21,214.0
603817,海峡环保,环保工程,140.62,118.8
603818,曲美家居,木业家具,45.92,84.96
603819,神力股份,机械行业,114.05,52.75
603822,嘉澳环保,化工行业,118.78,50.94
603823,百合花,化工行业,52.74,82.33
603826,坤彩科技,材料行业,0.0,0
603828,柯利达,装修装饰,114.84,48.43
603833,N欧派,木业家具,31.53,299.4
603838,四通股份,玻璃陶瓷,91.83,58.62
603839,安正时尚,纺织服装,53.06,125.2
603843,正平股份,工程建设,122.63,81.08
603858,步长制药,医药制造,36.6,647.6
603859,能科股份,输配电气,223.16,94.58
603861,白云电器,输配电气,130.9,119.4
603866,桃李面包,食品饮料,46.6,202.0
603868,飞科电器,家电行业,37.31,209.0
603869,北部湾旅,旅游酒店,87.54,109.4
603877,太平鸟,纺织服装,62.36,198.3
603878,武进不锈,钢铁行业,60.9,72.50
603881,数据港,软件服务,197.03,149.5
603883,老百姓,医药制造,40.74,121.0
603885,吉祥航空,民航机场,18.19,306.8
603886,元祖股份,食品饮料,41.57,81.98
603887,城地股份,工程建设,92.29,51.08
603888,新华网,电子信息,82.4,176.7
603889,新澳股份,纺织服装,34.09,54.27
603898,好莱客,木业家具,51.69,106.0
603899,晨光文具,文教休闲,33.86,166.9
603900,通灵珠宝,珠宝首饰,43.33,95.92
603901,永创智能,专用设备,64.22,60.20
603903,中持股份,环保工程,80.83,37.79
603906,龙蟠科技,化工行业,0.0,0
603908,牧高笛,纺织服装,110.95,52.69
603909,合诚股份,工程建设,99.0,51.25
603918,金桥信息,软件服务,1035.97,58.10
603919,金徽酒,酿酒行业,38.85,83.08
603926,铁流股份,汽车行业,0.0,0
603928,兴业股份,化工行业,50.07,59.21
603929,亚翔集成,工程建设,46.34,76.57
603936,博敏电子,电子元件,99.35,51.93
603939,益丰药房,医药制造,51.04,108.4
603955,大千生态,园林工程,86.13,60.00
603958,哈森股份,纺织服装,88.31,65.47
603959,百利科技,工程建设,61.29,65.23
603960,克来机电,专用设备,79.43,28.43
603966,法兰泰克,专用设备,159.45,66.51
603968,醋化股份,化工行业,37.75,51.49
603969,银龙股份,金属制品,46.59,67.48
603977,国泰集团,化工行业,63.58,64.18
603979,金诚信,工程建设,42.42,93.15
603986,兆易创新,软件服务,110.26,212.6
603987,康德莱,医疗行业,67.46,68.76
603988,中电电机,机械行业,175.86,57.74
603989,艾华集团,电子元件,42.36,113.3
603990,麦迪科技,软件服务,105.12,47.52
603991,至正股份,塑胶制品,115.5,43.26
603993,洛阳钼业,有色金属,98.54,766.7
603996,中新科技,电子元件,54.94,64.62
603997,继峰股份,汽车行业,44.67,105.5
603998,方盛制药,医药制造,95.43,72.44
603999,读者传媒,文化传媒,97.27,80.78
1,平安银行,银行,6.94,1569
2,万科A,房地产,11.13,2340
3,PT金田A,-,0.0,0
4,国农科技,医药制造,162.96,31.94
5,世纪星源,房地产,38.46,68.59
6,深振业A,房地产,75.71,115.6
7,全新好,旅游酒店,237.2,54.99
8,神州高铁,交运设备,83.44,241.3
9,中国宝安,房地产,72.41,203.1
10,美丽生态,园林工程,193.32,56.57
11,深物业A,房地产,0.0,97.68
12,南玻A,玻璃陶瓷,24.71,235.6
13,*ST石化A,-,0.0,0
14,沙河股份,房地产,0.0,37.21
15,PT中浩A,-,0.0,0
16,深康佳A,家电行业,0.0,109.1
17,深中华A,文教休闲,2174.32,60.32
18,神州长城,装修装饰,44.07,178.1
19,深深宝A,食品饮料,0.0,72.12
20,深华发A,电子元件,1058.24,63.63
21,深科技,电子信息,35.52,143.7
22,深赤湾A,港口水运,25.88,137.8
23,深天地A,水泥建材,411.99,41.00
24,招商地产,房地产,0.0,0
25,特力A,汽车行业,425.33,148.7
26,飞亚达A,珠宝首饰,58.64,64.89
27,深圳能源,公用事业,15.53,277.1
28,国药一致,医药制造,32.88,316.9
29,深深房A,房地产,35.78,113.0
30,富奥股份,汽车行业,15.96,110.4
31,中粮地产,房地产,20.78,149.6
32,深桑达A,电子信息,109.26,66.34
33,*ST新都,旅游酒店,0.0,0
34,神州数码,通讯行业,35.93,159.9
35,中国天楹,环保工程,54.09,97.47
36,华联控股,房地产,15.0,95.21
37,*ST南电A,电力行业,5.87,76.73
38,深大通,房地产,91.35,132.4
39,中集集团,金属制品,89.16,481.2
40,东旭蓝天,房地产,102.7,180.1
42,中洲控股,房地产,123.09,134.6
43,中航地产,房地产,51.86,83.70
45,深纺织A,电子信息,0.0,69.70
46,泛海控股,房地产,19.6,481.2
47,ST中侨,-,0.0,0
48,康达尔,农牧饲渔,329.0,132.1
49,德赛电池,电子元件,41.72,106.5
50,深天马A,电子元件,47.98,273.1
55,方大集团,金属制品,16.98,118.5
56,皇庭国际,房地产,145.32,144.7
58,深赛格,商业百货,225.78,127.3
59,华锦股份,石油行业,12.08,189.1
60,中金岭南,有色金属,113.83,248.7
61,农产品,农牧饲渔,67.45,192.4
62,深圳华强,电子元件,44.24,188.4
63,中兴通讯,通讯行业,0.0,733.8
65,北方国际,工程建设,89.25,189.7
66,长城电脑,电子信息,911.01,326.5
68,华控赛格,环保工程,798.26,79.63
69,华侨城A,房地产,15.44,600.7
70,特发信息,通讯行业,45.28,75.15
78,海王生物,医药制造,55.64,169.0
88,盐田港,港口水运,42.24,151.9
89,深圳机场,民航机场,33.37,182.1
90,天健集团,工程建设,37.77,111.5
96,广聚能源,石油行业,61.82,86.33
99,中信海直,民航机场,86.82,74.61
100,TCL集团,家电行业,21.68,444.6
150,宜华健康,医疗行业,10.14,130.8
151,中成股份,国际贸易,63.53,63.99
153,丰原药业,医药制造,68.06,39.08
155,*ST川化,化肥行业,0.0,0
156,华数传媒,文化传媒,40.99,250.5
157,中联重科,机械行业,0.0,370.2
158,常山股份,纺织服装,0.0,154.2
159,国际实业,石油行业,319.21,49.46
166,申万宏源,券商信托,24.58,1262
301,东方市场,综合行业,31.74,62.13
333,美的集团,家电行业,12.93,2208
338,潍柴动力,机械行业,22.45,450.2
400,许继电气,输配电气,20.98,182.3
401,冀东水泥,水泥建材,365.64,193.4
402,金融街,房地产,11.8,330.9
403,ST生化,医药制造,113.85,88.86
404,华意压缩,机械行业,23.7,57.25
405,ST鑫光,-,0.0,0
406,石油大明,-,0.0,0
407,胜利股份,石油行业,402.79,104.7
408,*ST金源,化肥行业,55.78,347.9
409,山东地矿,钢铁行业,2329.45,63.72
410,沈阳机床,机械行业,0.0,87.80
411,英特集团,医药制造,61.01,48.52
412,ST五环,-,0.0,0
413,东旭光电,电子元件,40.68,504.4
415,渤海金控,多元金融,23.0,441.6
416,民生控股,多元金融,352.49,58.67
417,合肥百货,商业百货,23.07,70.97
418,小天鹅A,家电行业,22.26,261.5
419,通程控股,商业百货,41.51,45.99
420,吉林化纤,化纤行业,268.66,80.01
421,南京公用,公用事业,25.78,49.65
422,湖北宜化,化肥行业,252.54,61.86
423,东阿阿胶,医药制造,22.48,416.4
425,徐工机械,机械行业,139.43,290.8
426,兴业矿业,有色金属,123.66,159.6
428,华天酒店,旅游酒店,0.0,70.00
429,粤高速A,高速公路,14.43,153.5
430,张家界,旅游酒店,31.66,40.71
488,晨鸣纸业,造纸印刷,11.59,239.1
498,山东路桥,工程建设,22.84,98.12
501,鄂武商A,商业百货,14.24,134.1
502,绿景控股,房地产,94.16,30.24
503,海虹控股,电子信息,1069.43,299.7
504,*ST生物,文化传媒,0.0,54.62
505,*ST珠江,房地产,0.0,47.80
506,中润资源,贵金属,1145.2,99.78
507,珠海港,港口水运,53.79,60.24
508,琼民源A,-,0.0,0
509,华塑控股,水泥建材,0.0,62.49
510,金路集团,化工行业,274.47,66.10
511,*ST烯碳,材料行业,0.0,75.06
513,丽珠集团,医药制造,30.87,242.1
514,渝开发,房地产,70.03,85.90
515,攀渝钛业,-,0.0,0
516,国际医学,商业百货,60.08,155.7
517,荣安地产,房地产,625.04,170.3
518,四环生物,医药制造,603.27,83.39
519,中兵红箭,机械行业,387.29,240.1
520,长航凤凰,港口水运,838.52,81.47
521,美菱电器,家电行业,34.79,76.67
522,白云山A,医药制造,0.0,0
523,广州浪奇,化工行业,218.84,59.09
524,岭南控股,旅游酒店,270.08,82.68
525,红太阳,化肥行业,94.0,118.8
526,紫光学大,文教休闲,0.0,35.21
527,美的电器,家电行业,0.0,0
528,柳工,机械行业,1258.69,105.5
529,广弘控股,食品饮料,60.05,63.05
530,大冷股份,机械行业,39.91,70.11
531,穗恒运A,电力行业,13.63,78.51
532,力合股份,综合行业,151.18,60.22
533,万家乐,家电行业,349.28,74.61
534,万泽股份,房地产,95.21,72.54
535,*ST猴王,-,0.0,0
536,华映科技,电子元件,50.86,201.2
537,广宇发展,房地产,15.39,51.43
538,云南白药,医药制造,28.2,887.3
539,粤电力A,电力行业,14.59,287.2
540,中天城投,房地产,11.83,323.8
541,佛山照明,电子元件,36.14,135.0
542,TCL通讯,-,0.0,0
543,皖能电力,电力行业,12.08,124.4
544,中原环保,公用事业,38.54,127.9
545,金浦钛业,化工行业,57.67,69.67
546,金圆股份,水泥建材,26.18,77.92
547,航天发展,通讯行业,108.1,214.0
548,湖南投资,房地产,64.2,51.07
549,S湘火炬,-,0.0,0
550,江铃汽车,汽车行业,18.75,247.1
551,创元科技,专用设备,92.44,46.01
552,靖远煤电,煤炭采选,40.43,89.65
553,沙隆达A,农药兽药,334.19,91.35
554,泰山石油,石油行业,1402.25,56.54
555,神州信息,电子信息,122.74,201.8
556,PT南洋,交运物流,0.0,0
557,西部创业,交运物流,0.0,94.21
558,莱茵体育,房地产,503.23,126.8
559,万向钱潮,汽车行业,34.01,283.6
560,昆百大A,商业百货,185.96,147.2
561,烽火电子,通讯行业,101.45,95.34
562,宏源证券,券商信托,0.0,0
563,陕国投A,多元金融,38.51,198.4
564,供销大集,商业百货,1554.31,514.9
565,渝三峡A,化工行业,24.8,55.41
566,海南海药,医药制造,82.24,185.4
567,海德股份,房地产,2256.28,48.79
568,泸州老窖,酿酒行业,28.55,573.4
569,长城股份,金属制品,0.0,0
570,苏常柴A,机械行业,68.68,50.47
571,新大洲A,煤炭采选,74.91,64.56
572,海马汽车,汽车行业,43.36,99.83
573,粤宏远A,房地产,174.0,55.30
576,广东甘化,造纸印刷,77.24,79.10
578,盐湖集团,化工行业,0.0,0
581,威孚高科,汽车行业,13.55,236.7
582,北部湾港,港口水运,33.83,175.6
583,S*ST托普,-,0.0,0
584,友利控股,化纤行业,0.0,72.68
585,东北电气,输配电气,0.0,69.35
586,汇源通信,通讯行业,1049.84,37.62
587,金洲慈航,珠宝首饰,17.72,165.3
588,PT粤金曼,-,0.0,0
589,黔轮胎A,汽车行业,517.31,48.47
590,启迪古汉,医药制造,273.41,44.98
591,太阳能,电力行业,29.92,195.5
592,平潭发展,木业家具,438.63,124.6
593,大通燃气,公用事业,625.59,38.30
594,国恒退,交运物流,0.0,0
595,宝塔实业,机械行业,0.0,72.33
596,古井贡酒,酿酒行业,33.85,262.9
597,东北制药,医药制造,773.71,62.70
598,兴蓉环境,公用事业,17.29,175.0
599,青岛双星,汽车行业,51.29,55.45
600,建投能源,电力行业,7.82,171.3
601,韶能股份,电力行业,14.88,90.98
602,金马集团,有色金属,0.0,0
603,盛达矿业,有色金属,59.43,120.1
605,渤海股份,公用事业,123.92,52.72
606,神州易桥,医药制造,196.22,89.90
607,华媒控股,文化传媒,60.26,102.1
608,阳光股份,房地产,0.0,58.94
609,绵石投资,房地产,32.9,54.97
610,西安旅游,旅游酒店,323.3,34.64
611,*ST天首,纺织服装,0.0,32.34
612,焦作万方,有色金属,214.78,121.5
613,大东海A,旅游酒店,0.0,54.76
615,京汉股份,房地产,96.06,104.9
616,海航投资,房地产,0.0,71.23
617,中油资本,多元金融,0.0,1689
618,吉林化工,-,0.0,0
619,海螺型材,水泥建材,58.62,44.53
620,新华联,房地产,69.97,147.8
621,*ST比特,-,0.0,0
622,*ST恒立,机械行业,0.0,38.14
623,吉林敖东,医药制造,16.1,275.1
625,长安汽车,汽车行业,7.37,760.7
626,远大控股,国际贸易,27.24,136.6
627,天茂集团,化工行业,28.54,320.7
628,高新发展,房地产,149.34,43.86
629,*ST钒钛,钢铁行业,0.0,215.6
630,铜陵有色,有色金属,262.98,333.7
631,顺发恒业,房地产,33.0,120.9
632,三木集团,综合行业,2186.13,41.43
633,*ST合金,有色金属,0.0,44.06
635,英力特,化工行业,147.19,80.99
636,风华高科,电子元件,69.15,96.06
637,茂化实华,石油行业,67.9,41.69
638,万方发展,房地产,374.63,41.83
639,西王食品,食品饮料,67.45,104.6
650,仁和药业,医药制造,23.52,84.83
651,格力电器,家电行业,12.34,1847
652,泰达股份,综合行业,92.32,87.80
653,ST九州,-,0.0,0
655,金岭矿业,钢铁行业,0.0,54.89
656,金科股份,房地产,22.77,306.2
657,中钨高新,有色金属,309.23,90.97
658,ST海洋,-,0.0,0
659,珠海中富,包装材料,0.0,77.91
660,*ST南华,-,0.0,0
661,长春高新,医药制造,40.35,195.6
662,天夏智慧,安防设备,85.97,156.7
663,永安林业,木业家具,425.76,50.09
665,湖北广电,文化传媒,29.63,93.91
666,经纬纺机,多元金融,30.1,163.9
667,美好置业,房地产,14.36,95.47
668,荣丰控股,房地产,0.0,31.42
669,金鸿能源,塑胶制品,35.9,83.45
670,*ST盈方,电子信息,276.36,66.80
671,阳光城,房地产,46.39,224.8
672,上峰水泥,水泥建材,94.76,103.4
673,当代东方,文化传媒,59.33,107.3
675,ST银山,-,0.0,0
676,智度股份,电子信息,83.14,166.5
677,恒天海龙,化纤行业,1179.01,53.31
678,襄阳轴承,汽车行业,2538.57,56.95
679,大连友谊,商业百货,0.0,45.90
680,山推股份,机械行业,0.0,88.10
681,视觉中国,文化传媒,81.44,133.7
682,东方电子,电子元件,130.36,50.86
683,远兴能源,化工行业,171.76,115.5
685,中山公用,公用事业,16.65,161.8
686,东北证券,券商信托,18.3,283.0
687,华讯方舟,通讯行业,81.02,131.2
688,建新矿业,有色金属,49.68,100.8
689,ST宏业,-,0.0,0
690,宝新能源,电力行业,26.84,199.1
691,ST亚太,房地产,14865.84,28.87
692,惠天热电,公用事业,0.0,35.01
693,ST华泽,有色金属,0.0,67.94
695,滨海能源,电力行业,895.27,34.77
697,炼石有色,有色金属,0.0,131.6
698,沈阳化工,石油行业,19.84,66.87
699,S*ST佳纸,-,0.0,0
700,模塑科技,汽车行业,26.67,59.10
701,厦门信达,商业百货,47.28,60.87
702,正虹科技,农牧饲渔,0.0,33.46
703,恒逸石化,化工行业,26.14,217.1
705,浙江震元,医药制造,118.35,43.57
707,双环科技,化工行业,0.0,38.52
708,大冶特钢,钢铁行业,20.11,58.87
709,河钢股份,钢铁行业,30.89,384.4
710,*ST天仪,仪器仪表,0.0,96.44
711,京蓝科技,软件服务,873.13,104.7
712,锦龙股份,多元金融,58.33,213.2
713,丰乐种业,农牧饲渔,0.0,31.65
715,中兴商业,商业百货,48.05,42.60
716,黑芝麻,食品饮料,63.74,51.39
717,*ST韶钢,钢铁行业,133.83,135.7
718,苏宁环球,房地产,20.4,219.1
719,大地传媒,文化传媒,21.55,131.5
720,新能泰山,电力行业,0.0,53.71
721,西安饮食,旅游酒店,367.69,45.41
722,湖南发展,电力行业,38.16,70.55
723,美锦能源,煤炭采选,57.4,279.0
725,京东方A,电子元件,641.0,1202
726,鲁泰A,纺织服装,15.04,116.5
727,华东科技,电子元件,612.34,144.5
728,国元证券,券商信托,31.9,405.6
729,燕京啤酒,酿酒行业,25.75,212.2
730,*ST环保,-,0.0,0
731,四川美丰,化肥行业,0.0,60.33
732,泰禾集团,房地产,13.29,215.0
733,振华科技,电子元件,40.6,88.33
735,罗牛山,农牧饲渔,78.8,84.18
736,中房地产,房地产,45.48,57.09
737,南风化工,化工行业,0.0,42.04
738,中航动控,航天航空,136.1,284.2
739,普洛药业,医药制造,37.56,98.75
748,长城信息,电子信息,0.0,0
750,国海证券,券商信托,27.19,276.1
751,锌业股份,有色金属,64.41,81.21
752,西藏发展,酿酒行业,724.47,41.70
753,漳州发展,商业百货,262.66,56.71
755,山西三维,化工行业,0.0,36.88
756,新华制药,医药制造,53.86,65.85
757,浩物股份,汽车行业,166.79,43.90
758,中色股份,有色金属,63.75,173.3
759,中百集团,商业百货,0.0,59.86
760,斯太尔,汽车行业,0.0,77.75
761,本钢板材,钢铁行业,23.62,180.9
762,西藏矿业,有色金属,517.01,88.85
763,锦州石化,-,0.0,0
765,*ST华信,-,0.0,0
766,通化金马,医药制造,97.89,175.1
767,漳泽电力,电力行业,26796.57,118.2
768,中航飞机,航天航空,162.45,671.1
769,*ST大菲,-,0.0,0
776,广发证券,券商信托,16.38,1315
777,中核科技,机械行业,89.14,93.98
778,新兴铸管,金属制品,65.97,199.7
779,三毛派神,纺织服装,253.1,33.26
780,平庄能源,煤炭采选,0.0,56.40
782,美达股份,化纤行业,0.0,54.77
783,长江证券,券商信托,25.11,554.1
785,武汉中商,商业百货,1667.74,34.04
786,北新建材,水泥建材,19.09,223.6
787,*ST创智,-,0.0,0
788,北大医药,医药制造,390.11,77.90
789,万年青,水泥建材,27.39,60.54
790,泰合健康,医药制造,64.16,52.93
791,甘肃电投,电力行业,1274.38,114.7
792,盐湖股份,化工行业,100.04,347.1
793,华闻传媒,文化传媒,24.3,225.1
795,英洛华,材料行业,230.8,79.81
796,凯撒旅游,食品饮料,41.07,129.0
797,中国武夷,房地产,561.91,95.56
798,中水渔业,农牧饲渔,0.0,39.93
799,酒鬼酒,酿酒行业,83.54,72.98
800,一汽轿车,汽车行业,0.0,188.5
801,四川九洲,家电行业,134.56,125.6
802,北京文化,文化传媒,25.47,133.0
803,*ST金宇,纺织服装,0.0,26.31
805,*ST炎黄,-,0.0,0
806,银河生物,输配电气,2841.09,133.1
807,云铝股份,有色金属,78.29,189.5
809,铁岭新城,房地产,0.0,40.74
810,创维数字,通讯行业,29.12,141.6
811,烟台冰轮,机械行业,22.87,74.58
812,陕西金叶,包装材料,158.7,55.43
813,德展健康,医药制造,31.56,218.8
815,美利云,电子信息,0.0,127.4
816,智慧农业,机械行业,871.51,95.77
817,辽河油田,-,0.0,0
818,方大化工,化工行业,154.97,85.79
819,岳阳兴长,石油行业,212.1,64.35
820,神雾节能,环保工程,134.54,269.7
821,京山轻机,机械行业,130.09,77.58
822,山东海化,化工行业,0.0,57.29
823,超声电子,电子元件,52.66,78.83
825,太钢不锈,钢铁行业,24.5,275.1
826,启迪桑德,环保工程,31.09,296.9
827,*ST长兴,-,0.0,0
828,东莞控股,高速公路,17.73,147.0
829,天音控股,通讯行业,48.41,108.2
830,鲁西化工,化肥行业,35.75,85.55
831,*ST五稀,有色金属,0.0,135.6
832,*ST龙涤,-,0.0,0
833,贵糖股份,食品饮料,0.0,60.82
835,长城动漫,文化传媒,0.0,35.75
836,鑫茂科技,安防设备,211.4,100.3
837,秦川机床,机械行业,0.0,65.73
838,财信发展,房地产,79.09,88.04
839,中信国安,电子信息,200.59,461.8
848,承德露露,食品饮料,22.86,111.0
850,华茂股份,纺织服装,58.97,58.13
851,高鸿股份,通讯行业,101.57,81.35
852,石化机械,机械行业,0.0,73.33
856,*ST冀装,专用设备,144.89,33.51
858,五粮液,酿酒行业,23.75,1615
859,国风塑业,塑胶制品,265.04,48.66
860,顺鑫农业,酿酒行业,30.62,126.3
861,海印股份,房地产,59.7,103.5
862,银星能源,输配电气,507.53,55.98
863,三湘印象,房地产,19.62,117.6
866,扬子石化,-,0.0,0
868,安凯客车,汽车行业,94.28,48.41
869,张裕A,酿酒行业,23.78,261.5
875,吉电股份,电力行业,157.6,126.2
876,新希望,农牧饲渔,12.33,347.4
877,天山股份,水泥建材,149.32,149.0
878,云南铜业,有色金属,346.75,205.9
880,潍柴重机,船舶制造,156.41,43.35
881,中广核技,综合行业,34530.12,274.2
882,华联股份,商业百货,55.77,92.83
883,湖北能源,电力行业,12.89,314.3
885,同力水泥,水泥建材,4717.59,134.8
886,海南高速,高速公路,84.14,52.90
887,中鼎股份,塑胶制品,27.71,295.0
888,峨眉山A,旅游酒店,36.9,70.55
889,茂业通信,通讯行业,45.51,104.8
890,法尔胜,金属制品,29.63,41.87
892,欢瑞世纪,文化传媒,0.0,122.2
893,东凌国际,化肥行业,473.47,115.6
895,双汇发展,食品饮料,17.08,752.3
897,津滨发展,房地产,115.33,80.22
898,鞍钢股份,钢铁行业,30.38,395.7
899,赣能股份,电力行业,18.13,94.93
900,现代投资,高速公路,12.5,90.16
901,航天科技,航天航空,385.87,143.6
902,新洋丰,化肥行业,16.81,120.3
903,云内动力,机械行业,42.17,85.42
905,厦门港务,港口水运,39.48,81.56
906,浙商中拓,商业百货,48.47,62.08
908,景峰医药,医药制造,40.29,89.82
909,数源科技,综合行业,159.81,48.26
910,大亚圣象,木业家具,21.1,114.2
911,南宁糖业,食品饮料,0.0,50.26
912,泸天化,化肥行业,0.0,77.34
913,*ST钱江,交运设备,112.9,83.00
915,山大华特,医药制造,34.64,73.69
916,华北高速,高速公路,18.2,54.61
917,电广传媒,文化传媒,70.19,200.4
918,嘉凯城,房地产,36.23,144.5
919,金陵药业,医药制造,37.18,66.98
920,南方汇通,交运设备,56.42,60.89
921,海信科龙,家电行业,16.96,195.3
922,*ST佳电,机械行业,0.0,53.33
923,河北宣工,机械行业,0.0,49.52
925,众合科技,交运设备,0.0,79.12
926,福星股份,房地产,20.21,117.4
927,一汽夏利,汽车行业,0.0,121.6
928,中钢国际,工程建设,32.97,162.2
929,兰州黄河,酿酒行业,0.0,32.45
930,中粮生化,农牧饲渔,90.39,127.7
931,中关村,房地产,936.79,70.49
932,华菱钢铁,钢铁行业,0.0,144.8
933,*ST神火,煤炭采选,12.27,135.1
935,四川双马,水泥建材,208.25,176.0
936,华西股份,化纤行业,13.69,82.75
937,冀中能源,煤炭采选,215.95,233.6
938,紫光股份,电子信息,85.57,593.0
939,凯迪生态,电力行业,104.61,235.8
948,南天信息,软件服务,202.63,41.92
949,新乡化纤,化纤行业,69.33,79.74
950,*ST建峰,化肥行业,0.0,57.90
951,中国重汽,汽车行业,34.69,104.8
952,广济药业,医药制造,36.27,51.45
953,*ST河化,化肥行业,0.0,35.32
955,欣龙控股,化纤行业,0.0,38.28
956,中原油气,-,0.0,0
957,中通客车,汽车行业,15.92,96.64
958,东方能源,电力行业,20.85,79.09
959,首钢股份,钢铁行业,214.27,390.9
960,锡业股份,有色金属,259.71,195.6
961,中南建设,房地产,45.94,299.0
962,*ST东钽,有色金属,171.9,49.86
963,华东医药,医药制造,29.23,422.9
965,天保基建,房地产,45.81,71.13
966,长源电力,电力行业,9.28,65.83
967,盈峰环境,金属制品,52.49,113.8
968,*ST煤气,石油行业,0.0,107.9
969,安泰科技,金属制品,113.28,106.3
970,中科三环,电子元件,49.46,156.6
971,高升控股,电子信息,95.22,105.7
972,中基健康,食品饮料,0.0,48.67
973,佛塑科技,塑胶制品,69.29,87.07
975,银泰资源,有色金属,76.62,168.3
976,春晖股份,化纤行业,104.69,156.7
977,浪潮信息,电子信息,42.28,196.9
978,桂林旅游,旅游酒店,63.64,41.74
979,中弘股份,房地产,74.11,159.4
980,金马股份,汽车行业,98.65,85.61
981,银亿股份,房地产,60.35,310.1
982,中银绒业,纺织服装,0.0,165.2
983,西山煤电,煤炭采选,66.06,286.8
985,大庆华科,石油行业,125.28,41.77
987,越秀金控,商业百货,48.53,301.1
988,华工科技,电子元件,61.43,137.3
989,九芝堂,医药制造,30.26,187.1
990,诚志股份,化工行业,185.5,205.5
991,通海高科,-,0.0,0
993,闽东电力,电力行业,30.62,49.12
995,*ST皇台,酿酒行业,0.0,27.37
996,中国中期,交运物流,270.99,55.13
997,新大陆,安防设备,37.78,180.9
998,隆平高科,农牧饲渔,200.27,267.4
999,华润三九,医药制造,22.02,263.8
1696,宗申动力,交运设备,30.8,100.4
1896,豫能控股,电力行业,13.64,99.81
1979,招商蛇口,房地产,14.66,1405
2001,新和成,医药制造,18.44,221.8
2002,鸿达兴业,化工行业,31.04,215.9
2003,伟星股份,纺织服装,21.99,69.21
2004,华邦健康,农药兽药,21.16,172.6
2005,德豪润达,家电行业,333.96,82.25
2006,精功科技,机械行业,62.17,43.70
2007,华兰生物,医药制造,43.24,337.4
2008,大族激光,机械行业,33.13,279.6
2009,天奇股份,机械行业,60.94,53.36
2010,传化智联,化工行业,73.48,560.7
2011,盾安环境,机械行业,103.53,85.94
2012,凯恩股份,造纸印刷,713.08,61.96
2013,中航机电,航天航空,48.08,280.4
2014,永新股份,包装材料,28.01,56.77
2015,霞客环保,纺织服装,0.0,35.54
2016,世荣兆业,房地产,63.55,78.73
2017,东信和平,通讯行业,86.53,47.87
2018,华信国际,石油行业,53.72,197.7
2019,亿帆医药,医药制造,26.31,188.2
2020,京新药业,医药制造,29.42,78.62
2021,中捷资源,机械行业,0.0,61.22
2022,科华生物,医药制造,39.12,106.5
2023,海特高新,航天航空,183.31,106.4
2024,苏宁云商,商业百货,0.0,1016
2025,航天电器,电子元件,40.64,108.1
2026,山东威达,机械行业,39.47,45.50
2027,分众传媒,电子信息,24.69,1036
2028,思源电气,输配电气,34.07,119.7
2029,七匹狼,纺织服装,35.11,79.04
2030,达安基因,医药制造,145.4,164.5
2031,巨轮智能,汽车行业,233.03,83.14
2032,苏泊尔,家电行业,24.52,242.6
2033,丽江旅游,旅游酒店,28.8,64.46
2034,美欣达,纺织服装,280.99,56.75
2035,华帝股份,家电行业,44.9,120.5
2036,联创电子,电子信息,54.43,114.6
2037,久联发展,化工行业,204.42,54.05
2038,双鹭药业,医药制造,38.95,185.4
2039,黔源电力,电力行业,19.25,49.60
2040,南京港,港口水运,303.66,85.96
2041,登海种业,农牧饲渔,44.79,142.0
2042,华孚色纺,化纤行业,25.65,122.9
2043,兔宝宝,木业家具,48.79,115.8
2044,美年健康,医疗行业,98.24,333.0
2045,国光电器,电子元件,111.29,67.25
2046,轴研科技,机械行业,421.13,52.97
2047,宝鹰股份,装修装饰,34.58,118.0
2048,宁波华翔,汽车行业,20.08,122.8
2049,紫光国芯,电子元件,55.75,187.4
2050,三花智控,家电行业,22.71,194.7
2051,中工国际,工程建设,28.18,267.4
2052,同洲电子,通讯行业,0.0,71.24
2053,云南能投,化工行业,41.23,111.4
2054,德美化工,化工行业,28.96,50.56
2055,得润电子,电子元件,106.54,108.7
2056,横店东磁,电子元件,29.92,132.0
2057,中钢天源,综合行业,281.7,30.80
2058,威尔泰,仪器仪表,0.0,39.02
2059,云南旅游,旅游酒店,106.36,88.79
2060,粤水电,工程建设,52.64,47.55
2061,江山化工,化工行业,75.1,49.77
2062,宏润建设,工程建设,31.28,72.88
2063,远光软件,软件服务,59.33,75.34
2064,华峰氨纶,化纤行业,0.0,90.38
2065,东华软件,软件服务,40.12,338.0
2066,瑞泰科技,材料行业,160.17,40.43
2067,景兴纸业,造纸印刷,31.46,72.09
2068,黑猫股份,化工行业,0.0,54.94
2069,*ST獐岛,农牧饲渔,105.69,84.12
2070,众和股份,纺织服装,149.32,102.8
2071,长城影视,文化传媒,43.78,64.47
2072,凯瑞德,纺织服装,98.53,42.94
2073,软控股份,电子信息,0.0,103.1
2074,国轩高科,输配电气,26.79,276.2
2075,沙钢股份,钢铁行业,161.7,355.7
2076,雪莱特,电子元件,128.39,52.00
2077,大港股份,房地产,325.05,88.04
2078,太阳纸业,造纸印刷,21.39,187.4
2079,苏州固锝,电子元件,61.17,69.38
2080,中材科技,玻璃陶瓷,40.2,161.4
2081,金螳螂,装修装饰,16.72,304.0
2082,栋梁新材,有色金属,61.4,46.39
2083,孚日股份,纺织服装,20.51,66.10
2084,海鸥卫浴,金属制品,57.45,47.96
2085,万丰奥威,汽车行业,40.42,382.0
2086,东方海洋,农牧饲渔,94.78,72.62
2087,新野纺织,纺织服装,30.2,56.52
2088,鲁阳节能,玻璃陶瓷,52.51,44.76
2089,新海宜,通讯行业,125.85,107.0
2090,金智科技,电子信息,50.52,55.16
2091,江苏国泰,国际贸易,50.01,161.5
2092,中泰化学,化工行业,15.37,283.3
2093,国脉科技,电信运营,153.91,104.4
2094,青岛金王,工艺商品,69.02,105.6
2095,生意宝,电子信息,469.49,100.5
2096,南岭民爆,化工行业,161.56,54.69
2097,山河智能,机械行业,153.06,70.02
2098,浔兴股份,化纤行业,53.82,61.97
2099,海翔药业,医药制造,22.68,131.3
2100,天康生物,农牧饲渔,20.73,88.15
2101,广东鸿图,汽车行业,36.12,56.92
2102,冠福股份,医药制造,82.75,134.6
2103,广博股份,文教休闲,82.45,79.36
2104,恒宝股份,电子信息,45.95,76.72
2105,信隆健康,文教休闲,172.37,51.22
2106,莱宝高科,电子元件,59.32,91.76
2107,沃华医药,医药制造,117.22,57.22
2108,沧州明珠,塑胶制品,28.72,148.3
2109,兴化股份,化工行业,225.47,63.32
2110,三钢闽光,钢铁行业,25.58,178.6
2111,威海广泰,机械行业,49.0,85.61
2112,三变科技,输配电气,134.96,33.51
2113,天润数娱,房地产,262.26,141.9
2114,罗平锌电,有色金属,192.01,66.98
2115,三维通信,通讯行业,0.0,43.83
2116,中国海诚,工程建设,63.43,68.07
2117,东港股份,造纸印刷,55.71,110.7
2118,紫鑫药业,医药制造,90.14,90.42
2119,康强电子,电子元件,101.83,44.42
2120,韵达股份,交运物流,584.99,478.7
2121,科陆电子,仪器仪表,142.65,132.9
2122,天马股份,机械行业,341.87,129.8
2123,梦网荣信,通讯行业,58.11,130.6
2124,天邦股份,农牧饲渔,19.36,88.13
2125,湘潭电化,化工行业,230.88,42.02
2126,银轮股份,汽车行业,27.95,66.48
2127,南极电商,纺织服装,97.39,187.4
2128,露天煤业,煤炭采选,22.17,147.1
2129,中环股份,电子元件,46.77,218.7
2130,沃尔核材,材料行业,70.25,85.48
2131,利欧股份,电子信息,41.35,240.2
2132,恒星科技,金属制品,75.52,82.70
2133,广宇集团,房地产,26.71,57.05
2134,天津普林,电子元件,0.0,38.80
2135,东南网架,工程建设,129.25,63.49
2136,安纳达,化工行业,99.09,42.12
2137,麦达数字,电子元件,47.77,71.64
2138,顺络电子,电子元件,39.91,143.3
2139,拓邦股份,仪器仪表,44.94,64.85
2140,东华科技,工程建设,60.6,66.37
2141,贤丰控股,金属制品,1018.02,93.16
2142,宁波银行,银行,8.41,711.7
2143,印纪传媒,文化传媒,74.89,395.4
2144,宏达高科,医疗行业,38.18,39.24
2145,中核钛白,化工行业,123.18,103.6
2146,荣盛发展,房地产,13.02,377.4
2147,新光圆成,机械行业,36.37,231.0
2148,北纬通信,通讯行业,90.65,56.71
2149,西部材料,材料行业,545.87,61.47
2150,通润装备,金属制品,50.25,43.60
2151,北斗星通,电子信息,237.52,164.9
2152,广电运通,电子信息,31.81,215.0
2153,石基信息,软件服务,68.12,240.3
2154,报喜鸟,纺织服装,0.0,56.26
2155,湖南黄金,贵金属,103.45,148.5
2156,通富微电,电子元件,61.11,110.5
2157,正邦科技,农牧饲渔,11.68,141.1
2158,汉钟精机,机械行业,34.07,58.55
2159,三特索道,旅游酒店,0.0,42.09
2160,常铝股份,有色金属,68.4,64.55
2161,远望谷,电子信息,0.0,77.01
2162,悦心健康,玻璃陶瓷,2006.9,56.33
2163,中航三鑫,玻璃陶瓷,0.0,84.21
2164,宁波东力,机械行业,794.52,53.61
2165,红宝丽,化工行业,46.55,46.24
2166,莱茵生物,医药制造,99.27,56.58
2167,东方锆业,有色金属,1847.9,74.39
2168,深圳惠程,输配电气,185.06,140.5
2169,智光电气,输配电气,66.62,80.43
2170,芭田股份,化肥行业,46.45,81.71
2171,楚江新材,有色金属,44.51,86.07
2172,澳洋科技,化纤行业,28.83,74.74
2173,*ST创疗,医疗行业,103.81,93.52
2174,游族网络,软件服务,51.2,246.3
2175,东方网络,文化传媒,380.06,123.5
2176,江特电机,机械行业,82.51,162.8
2177,御银股份,电子信息,129.71,58.00
2178,延华智能,软件服务,145.19,76.67
2179,中航光电,电子元件,32.99,242.1
2180,艾派克,电子元件,82.92,284.4
2181,粤传媒,文化传媒,0.0,87.43
2182,云海金属,有色金属,40.57,63.38
2183,怡亚通,国际贸易,37.15,223.6
2184,海得控制,电子信息,333.32,45.44
2185,华天科技,电子元件,36.17,141.4
2186,全聚德,旅游酒店,52.81,73.72
2187,广百股份,商业百货,30.86,48.66
2188,巴士在线,电子元件,227.1,82.30
2189,利达光电,电子元件,269.26,46.64
2190,成飞集成,汽车行业,81.49,112.2
2191,劲嘉股份,包装材料,23.27,136.8
2192,融捷股份,电子元件,5155.69,70.96
2193,山东如意,纺织服装,128.66,56.48
2194,武汉凡谷,通讯行业,0.0,63.98
2195,二三四五,电子信息,37.22,236.4
2196,方正电机,机械行业,60.18,57.58
2197,证通电子,电子信息,187.37,79.67
2198,嘉应制药,医药制造,262.49,71.46
2199,东晶电子,电子元件,286.33,46.38
2200,云投生态,园林工程,102.12,46.86
2201,九鼎新材,玻璃陶瓷,502.1,50.33
2202,金风科技,输配电气,16.7,476.5
2203,海亮股份,有色金属,28.34,149.9
2204,大连重工,专用设备,119.87,91.35
2205,国统股份,水泥建材,275.2,36.68
2206,海利得,化纤行业,38.29,97.69
2207,准油股份,石油行业,0.0,38.53
2208,合肥城建,房地产,49.8,54.16
2209,达意隆,专用设备,0.0,35.14
2210,飞马国际,交运物流,108.8,205.5
2211,宏达新材,塑胶制品,0.0,48.00
2212,南洋股份,输配电气,208.8,188.6
2213,特尔佳,汽车行业,339.8,53.56
2214,大立科技,安防设备,164.58,54.49
2215,诺普信,农药兽药,0.0,96.07
2216,三全食品,食品饮料,84.23,76.58
2217,合力泰,电子元件,40.27,310.5
2218,拓日新能,电子元件,55.65,62.62
2219,恒康医疗,医药制造,88.85,239.1
2220,天宝股份,食品饮料,34.59,62.80
2221,东华能源,石油行业,42.33,205.9
2222,福晶科技,电子元件,94.34,65.66
2223,鱼跃医疗,医疗行业,38.17,219.9
2224,三力士,塑胶制品,42.86,96.80
2225,濮耐股份,材料行业,64.22,54.61
2226,江南化工,化工行业,138.23,84.75
2227,奥特迅,输配电气,0.0,53.80
2228,合兴包装,包装材料,59.11,55.17
2229,鸿博股份,造纸印刷,0.0,80.81
2230,科大讯飞,软件服务,98.69,478.1
2231,奥维通信,通讯行业,666.44,48.31
2232,启明信息,软件服务,8740.74,54.42
2233,塔牌集团,水泥建材,23.18,105.3
2234,民和股份,农牧饲渔,36.26,55.76
2235,安妮股份,造纸印刷,466.83,68.60
2236,大华股份,安防设备,33.51,477.8
2237,恒邦股份,贵金属,41.05,106.6
2238,天威视讯,文化传媒,29.88,92.17
2239,奥特佳,纺织服装,43.08,155.4
2240,威华股份,有色金属,245.71,57.51
2241,歌尔股份,电子元件,31.35,517.7
2242,九阳股份,家电行业,20.09,146.3
2243,通产丽星,包装材料,177.76,46.71
2244,滨江集团,房地产,16.76,227.1
2245,澳洋顺昌,交运物流,44.91,92.33
2246,北化股份,化工行业,76.32,70.00
2247,帝龙文化,文化传媒,40.73,140.0
2248,华东数控,机械行业,0.0,33.33
2249,大洋电机,机械行业,39.82,202.8
2250,联化科技,化工行业,44.44,141.8
2251,步步高,商业百货,54.14,125.6
2252,上海莱士,医药制造,59.02,970.7
2253,川大智胜,软件服务,180.6,70.24
2254,泰和新材,化纤行业,116.41,76.29
2255,海陆重工,机械行业,82.86,62.44
2256,兆新股份,输配电气,95.42,115.7
2257,立立电子,-,0.0,0
2258,利尔化学,农药兽药,37.05,77.19
2259,升达林业,木业家具,567.97,72.45
2260,德奥通航,家电行业,1453.63,61.26
2261,拓维信息,通讯行业,59.03,128.7
2262,恩华药业,医药制造,46.22,143.2
2263,大东南,包装材料,0.0,69.87
2264,新华都,商业百货,24.67,69.69
2265,西仪股份,机械行业,1240.18,86.97
2266,浙富控股,机械行业,162.96,109.6
2267,陕天然气,石油行业,19.3,106.4
2268,卫士通,软件服务,2578.74,174.0
2269,美邦服饰,纺织服装,0.0,118.0
2270,华明装备,专用设备,38.72,74.20
2271,东方雨虹,水泥建材,25.57,245.7
2272,川润股份,机械行业,263.1,38.28
2273,水晶光电,电子元件,61.49,156.0
2274,华昌化工,化肥行业,246.15,54.03
2275,桂林三金,医药制造,26.95,113.6
2276,万马股份,输配电气,76.07,132.9
2277,友阿股份,商业百货,35.8,107.1
2278,神开股份,机械行业,0.0,60.95
2279,久其软件,软件服务,99.69,101.3
2280,联络互动,软件服务,80.88,283.2
2281,光迅科技,通讯行业,56.23,160.3
2282,博深工具,机械行业,373.76,46.66
2283,天润曲轴,机械行业,43.36,84.24
2284,亚太股份,汽车行业,64.39,107.1
2285,世联行,房地产,21.54,160.9
2286,保龄宝,食品饮料,105.03,56.16
2287,奇正藏药,医药制造,80.13,215.1
2288,超华科技,电子元件,1205.96,71.83
2289,*ST宇顺,电子元件,0.0,41.81
2290,中科新材,材料行业,139.56,50.75
2291,星期六,纺织服装,324.93,75.99
2292,奥飞娱乐,文化传媒,47.8,279.1
2293,罗莱生活,纺织服装,26.92,93.13
2294,信立泰,医药制造,21.75,303.8
2295,精艺股份,有色金属,421.88,38.75
2296,辉煌科技,通讯行业,77.78,58.98
2297,博云新材,材料行业,0.0,68.43
2298,中电鑫龙,安防设备,65.86,90.88
2299,圣农发展,农牧饲渔,30.79,206.5
2300,太阳电缆,输配电气,58.8,90.69
2301,齐心集团,文教休闲,95.82,100.5
2302,西部建设,水泥建材,77.03,186.3
2303,美盈森,包装材料,56.31,159.0
2304,洋河股份,酿酒行业,20.32,1311
2305,南国置业,房地产,611.49,86.71
2306,中科云网,旅游酒店,0.0,49.36
2307,北新路桥,工程建设,247.64,86.50
2308,威创股份,电子元件,81.25,129.0
2309,中利集团,输配电气,0.0,88.45
2310,东方园林,园林工程,64.42,444.2
2311,海大集团,农牧饲渔,22.03,258.5
2312,三泰控股,电子信息,0.0,101.7
2313,日海通讯,通讯行业,430.84,72.79
2314,南山控股,水泥建材,23.28,154.1
2315,焦点科技,电子信息,66.76,74.13
2316,键桥通讯,通讯行业,0.0,53.66
2317,众生药业,医药制造,26.51,107.2
2318,久立特材,钢铁行业,49.66,83.31
2319,乐通股份,化工行业,4752.08,41.90
2320,海峡股份,港口水运,38.25,68.86
2321,华英农业,农牧饲渔,62.5,57.17
2322,理工环科,输配电气,90.23,83.75
2323,雅百特,输配电气,59.26,137.2
2324,普利特,塑胶制品,26.15,79.03
2325,洪涛股份,装修装饰,30.86,86.41
2326,永太科技,化工行业,81.16,132.8
2327,富安娜,纺织服装,26.82,87.09
2328,新朋股份,机械行业,50.19,48.04
2329,皇氏集团,食品饮料,63.31,112.0
2330,得利斯,食品饮料,238.3,58.73
2331,皖通科技,软件服务,73.74,56.68
2332,仙琚制药,医疗行业,61.93,83.07
2333,罗普斯金,水泥建材,52.24,95.70
2334,英威腾,输配电气,95.66,65.11
2335,科华恒盛,输配电气,81.41,108.0
2336,*ST人乐,商业百货,543.27,50.40
2337,赛象科技,机械行业,0.0,43.38
2338,奥普光电,仪器仪表,92.49,57.02
2339,积成电子,软件服务,68.82,73.09
2340,格林美,材料行业,90.56,239.5
2341,新纶科技,环保工程,136.36,93.75
2342,巨力索具,金属制品,386.17,79.68
2343,慈文传媒,文化传媒,63.83,124.2
2344,海宁皮城,商业百货,20.65,134.6
2345,潮宏基,珠宝首饰,36.76,95.41
2346,柘中股份,水泥建材,972.97,156.1
2347,泰尔股份,机械行业,238.87,42.55
2348,高乐股份,文教休闲,148.52,74.83
2349,精华制药,医药制造,63.92,105.5
2350,北京科锐,输配电气,131.96,45.89
2351,漫步者,电子信息,111.45,93.61
2352,顺丰控股,交运物流,61.17,2557
2353,杰瑞股份,机械行业,147.89,206.8
2354,天神娱乐,电子信息,44.5,200.9
2355,兴民智通,汽车行业,139.0,70.63
2356,赫美集团,仪器仪表,47.7,82.96
2357,富临运业,交运物流,28.28,41.98
2358,森源电气,输配电气,48.24,190.1
2359,齐星铁塔,输配电气,0.0,146.1
2360,同德化工,化工行业,63.1,43.89
2361,神剑股份,材料行业,54.94,78.84
2362,汉王科技,软件服务,237.78,50.69
2363,隆基机械,汽车行业,77.49,46.61
2364,中恒电气,输配电气,58.87,103.5
2365,永安药业,医药制造,71.86,48.43
2366,台海核电,机械行业,45.56,214.9
2367,康力电梯,机械行业,21.85,107.2
2368,太极股份,软件服务,150.32,129.9
2369,卓翼科技,电子信息,450.62,57.55
2370,亚太药业,医药制造,74.54,85.01
2371,北方华创,电子元件,148.64,138.1
2372,伟星新材,水泥建材,23.49,157.5
2373,千方科技,软件服务,51.28,150.6
2374,丽鹏股份,金属制品,58.04,70.81
2375,亚厦股份,装修装饰,42.59,151.8
2376,新北洋,电子信息,47.18,87.15
2377,国创高新,石油行业,1065.16,43.99
2378,章源钨业,有色金属,1020.77,92.42
2379,*ST鲁丰,材料行业,745.88,74.48
2380,科远股份,电子信息,88.74,62.88
2381,双箭股份,塑胶制品,62.57,50.05
2382,蓝帆医疗,医疗行业,34.46,62.39
2383,合众思壮,通讯行业,135.66,130.8
2384,东山精密,金属制品,97.5,191.3
2385,大北农,农牧饲渔,34.73,275.6
2386,天原集团,化工行业,105.86,58.37
2387,黑牛食品,食品饮料,126.18,80.47
2388,新亚制程,电子信息,549.93,57.50
2389,南洋科技,电子元件,127.04,166.6
2390,信邦制药,医药制造,64.83,172.9
2391,长青股份,农药兽药,33.63,60.57
2392,北京利尔,材料行业,35.91,67.36
2393,力生制药,医药制造,63.62,73.55
2394,联发股份,纺织服装,18.4,57.88
2395,双象股份,塑胶制品,132.07,42.48
2396,星网锐捷,通讯行业,44.35,104.2
2397,梦洁股份,纺织服装,78.15,59.29
2398,建研集团,工程建设,28.7,48.02
2399,海普瑞,医药制造,68.01,275.5
2400,省广股份,文化传媒,32.52,184.9
2401,中海科技,软件服务,92.58,54.80
2402,和而泰,电子元件,73.29,93.51
2403,爱仕达,家电行业,38.39,50.97
2404,嘉欣丝绸,纺织服装,44.91,44.72
2405,四维图新,软件服务,190.35,255.5
2406,远东传动,机械行业,49.66,55.48
2407,多氟多,化工行业,39.1,186.8
2408,齐翔腾达,化工行业,34.51,173.4
2409,雅克科技,化工行业,121.28,82.28
2410,广联达,软件服务,55.75,170.0
2411,必康股份,化工行业,45.67,419.8
2412,汉森制药,医药制造,66.9,54.23
2413,雷科防务,电子信息,155.76,133.4
2414,高德红外,安防设备,260.95,145.8
2415,海康威视,安防设备,30.89,1997
2416,爱施德,商业百货,71.85,134.9
2417,三元达,通讯行业,0.0,41.85
2418,康盛股份,金属制品,52.25,105.8
2419,天虹商场,商业百货,23.68,124.1
2420,毅昌股份,塑胶制品,0.0,38.14
2421,达实智能,软件服务,58.37,131.6
2422,科伦药业,医药制造,32.79,235.0
2423,*ST中特,钢铁行业,0.0,69.16
2424,贵州百灵,医药制造,53.34,257.3
2425,凯撒文化,文化传媒,86.24,102.0
2426,胜利精密,金属制品,33.92,262.8
2427,尤夫股份,化纤行业,69.53,106.7
2428,云南锗业,有色金属,0.0,86.28
2429,兆驰股份,家电行业,40.62,189.6
2430,杭氧股份,专用设备,0.0,85.51
2431,棕榈股份,园林工程,124.68,141.1
2432,九安医疗,医疗行业,0.0,64.66
2433,太安堂,医药制造,37.89,82.97
2434,万里扬,汽车行业,81.55,238.7
2435,长江润发,机械行业,376.49,95.01
2436,兴森科技,电子元件,56.39,105.0
2437,誉衡药业,医药制造,23.31,177.2
2438,江苏神通,机械行业,100.31,51.75
2439,启明星辰,软件服务,297.23,186.8
2440,闰土股份,化工行业,22.09,129.8
2441,众业达,输配电气,44.89,68.60
2442,龙星化工,化工行业,326.08,63.84
2443,金洲管道,金属制品,109.6,62.15
2444,巨星科技,金属制品,31.05,190.9
2445,中南文化,机械行业,74.26,131.3
2446,盛路通信,通讯行业,41.49,99.84
2447,壹桥股份,农牧饲渔,52.59,92.20
2448,中原内配,汽车行业,33.14,71.10
2449,国星光电,电子元件,37.21,71.55
2450,康得新,材料行业,36.53,689.0
2451,摩恩电气,输配电气,989.75,85.20
2452,长高集团,输配电气,50.24,46.24
2453,天马精化,化工行业,362.97,55.76
2454,松芝股份,汽车行业,26.95,57.14
2455,百川股份,化工行业,87.59,72.21
2456,欧菲光,电子元件,54.41,411.2
2457,青龙管业,水泥建材,357.73,37.99
2458,益生股份,农牧饲渔,16.78,94.32
2459,天业通联,机械行业,442.12,63.90
2460,赣锋锂业,有色金属,41.57,269.2
2461,珠江啤酒,酿酒行业,105.8,153.3
2462,嘉事堂,医药制造,45.61,103.5
2463,沪电股份,电子元件,94.11,81.20
2464,金利科技,塑胶制品,95.85,100.5
2465,海格通信,通讯行业,75.24,251.7
2466,天齐锂业,化工行业,25.83,390.5
2467,二六三,电信运营,62.81,79.78
2468,申通快递,交运物流,6428.47,446.7
2469,三维工程,工程建设,409.3,48.16
2470,金正大,化肥行业,15.34,230.6
2471,中超控股,输配电气,64.52,75.95
2472,双环传动,机械行业,42.44,78.84
2473,圣莱达,家电行业,0.0,37.26
2474,榕基软件,软件服务,290.76,78.96
2475,立讯精密,电子元件,56.79,515.4
2476,宝莫股份,化工行业,241.59,61.14
2477,雏鹰农牧,农牧饲渔,15.91,149.9
2478,常宝股份,钢铁行业,61.64,67.62
2479,富春环保,环保工程,42.95,105.2
2480,新筑股份,机械行业,903.24,65.89
2481,双塔食品,食品饮料,78.23,106.1
2482,广田集团,装修装饰,37.05,147.1
2483,润邦股份,机械行业,55.1,57.79
2484,江海股份,电子元件,71.09,95.06
2485,希努尔,纺织服装,415.09,67.17
2486,嘉麟杰,纺织服装,606.19,71.88
2487,大金重工,金属制品,69.37,49.52
2488,金固股份,汽车行业,0.0,78.36
2489,浙江永强,木业家具,75.9,166.0
2490,山东墨龙,机械行业,538.61,59.92
2491,通鼎互联,通讯行业,35.2,184.3
2492,恒基达鑫,交运物流,102.39,34.18
2493,荣盛石化,化纤行业,22.71,371.9
2494,华斯股份,纺织服装,402.94,46.34
2495,佳隆股份,食品饮料,161.45,52.11
2496,辉丰股份,农药兽药,41.66,77.94
2497,雅化集团,化工行业,61.66,80.16
2498,汉缆股份,输配电气,33.19,141.4
2499,科林环保,机械行业,281.19,54.26
2500,山西证券,券商信托,73.32,316.8
2501,利源精制,有色金属,28.75,159.5
2502,骅威文化,文化传媒,47.98,100.5
2503,搜于特,纺织服装,56.56,204.6
2504,弘高创意,装修装饰,27.36,81.96
2505,大康农业,农牧饲渔,603.43,192.0
2506,协鑫集成,电子元件,85.92,239.7
2507,涪陵榨菜,食品饮料,32.16,84.62
2508,老板电器,家电行业,37.01,346.0
2509,天广中茂,专用设备,56.82,197.5
2510,天汽模,汽车行业,41.21,56.41
2511,中顺洁柔,造纸印刷,40.21,97.11
2512,达华智能,电子元件,204.05,170.1
2513,*ST蓝丰,农药兽药,51.75,55.47
2514,宝馨科技,金属制品,91.17,48.92
2515,金字火腿,食品饮料,357.15,99.73
2516,旷达科技,纺织服装,31.74,106.3
2517,恺英网络,电子信息,32.76,223.4
2518,科士达,输配电气,31.05,91.87
2519,银河电子,家电行业,45.04,139.6
2520,日发精机,机械行业,149.61,67.10
2521,齐峰新材,造纸印刷,39.14,55.55
2522,浙江众成,包装材料,179.44,178.0
2523,天桥起重,机械行业,58.8,62.91
2524,光正集团,石油行业,0.0,63.07
2525,胜景山河,食品饮料,0.0,0
2526,山东矿机,机械行业,513.64,54.90
2527,新时达,机械行业,38.61,81.61
2528,英飞拓,安防设备,0.0,72.61
2529,海源机械,专用设备,0.0,49.66
2530,丰东股份,机械行业,395.28,184.0
2531,天顺风能,机械行业,29.75,136.1
2532,新界泵业,机械行业,35.93,45.13
2533,金杯电工,输配电气,31.68,54.59
2534,杭锅股份,机械行业,42.36,81.14
2535,林州重机,安防设备,388.59,57.32
2536,西泵股份,汽车行业,43.97,46.07
2537,海立美达,材料行业,133.71,175.7
2538,司尔特,化肥行业,27.05,74.40
2539,云图控股,化肥行业,49.34,106.7
2540,亚太科技,有色金属,30.29,81.02
2541,鸿路钢构,水泥建材,42.11,67.63
2542,中化岩土,工程建设,79.97,155.9
2543,万和电气,家电行业,24.51,95.96
2544,杰赛科技,通讯行业,130.82,139.3
2545,东方铁塔,水泥建材,138.98,149.0
2546,新联电子,输配电气,74.97,64.97
2547,春兴精工,金属制品,75.5,123.4
2548,金新农,农牧饲渔,33.32,54.99
2549,凯美特气,化工行业,453.17,58.29
2550,千红制药,医疗行业,36.14,88.70
2551,尚荣医疗,医疗行业,47.23,82.02
2552,宝鼎科技,船舶制造,0.0,57.60
2553,南方轴承,机械行业,69.33,50.11
2554,惠博普,石油行业,59.76,84.06
2555,三七互娱,电子信息,40.15,429.7
2556,辉隆股份,农牧饲渔,50.47,68.39
2557,洽洽食品,食品饮料,23.23,84.26
2558,世纪游轮,软件服务,129.53,1376
2559,亚威股份,机械行业,45.37,52.99
2560,通达股份,输配电气,60.76,55.96
2561,徐家汇,商业百货,31.03,71.10
2562,兄弟科技,化工行业,47.44,79.54
2563,森马服饰,纺织服装,18.06,257.6
2564,天沃科技,机械行业,0.0,80.27
2565,顺灏股份,包装材料,77.8,59.95
2566,益盛药业,医药制造,102.79,42.66
2567,唐人神,农牧饲渔,43.82,78.80
2568,百润股份,食品饮料,0.0,213.2
2569,步森股份,纺织服装,0.0,77.97
2570,贝因美,食品饮料,0.0,138.1
2571,德力股份,玻璃陶瓷,0.0,49.74
2572,索菲亚,木业家具,46.27,307.2
2573,清新环境,环保工程,31.55,209.5
2574,明牌珠宝,珠宝首饰,124.17,54.28
2575,群兴玩具,文教休闲,682.15,87.07
2576,通达动力,输配电气,972.52,40.73
2577,雷柏科技,电子信息,531.31,95.29
2578,闽发铝业,有色金属,332.39,58.74
2579,中京电子,电子元件,39.05,50.09
2580,圣阳股份,输配电气,70.98,38.23
2581,未名医药,医药制造,45.81,164.9
2582,好想你,农牧饲渔,384.31,75.91
2583,海能达,安防设备,64.16,257.8
2584,西陇科学,化工行业,83.8,81.11
2585,双星新材,包装材料,57.06,85.43
2586,围海股份,工程建设,268.33,100.6
2587,奥拓电子,电子元件,70.57,55.94
2588,史丹利,化肥行业,19.48,120.1
2589,瑞康医药,医药制造,50.87,252.6
2590,万安科技,交运设备,82.8,89.31
2591,恒大高新,化工行业,0.0,44.08
2592,八菱科技,汽车行业,71.73,86.78
2593,日上集团,钢铁行业,78.42,48.32
2594,比亚迪,汽车行业,27.7,1353
2595,豪迈科技,汽车行业,27.84,210.0
2596,海南瑞泽,水泥建材,142.25,99.89
2597,金禾实业,化工行业,22.25,122.7
2598,山东章鼓,机械行业,69.95,39.47
2599,盛通股份,包装材料,226.47,59.98
2600,江粉磁材,材料行业,60.71,134.9
2601,龙蟒佰利,化工行业,215.19,342.8
2602,世纪华通,塑胶制品,68.19,357.0
2603,以岭药业,医药制造,40.06,217.1
2604,龙力生物,食品饮料,50.25,65.05
2605,姚记扑克,文教休闲,73.79,68.63
2606,大连电瓷,输配电气,97.7,85.25
2607,亚夏汽车,汽车行业,75.81,55.10
2608,*ST舜船,船舶制造,0.0,463.9
2609,捷顺科技,电子信息,75.95,110.1
2610,爱康科技,金属制品,115.18,128.9
2611,东方精工,专用设备,112.83,108.9
2612,朗姿股份,纺织服装,67.21,73.88
2613,北玻股份,专用设备,206.52,54.36
2614,蒙发利,家电行业,43.17,85.40
2615,哈尔斯,金属制品,42.35,47.88
2616,长青集团,家电行业,66.08,91.42
2617,露笑科技,金属制品,169.29,109.6
2618,丹邦科技,电子元件,383.67,83.50
2619,巨龙管业,水泥建材,78.16,128.4
2620,瑞和股份,装修装饰,74.99,75.31
2621,三垒股份,机械行业,217.28,61.00
2622,融钰集团,输配电气,293.93,109.2
2623,亚玛顿,玻璃陶瓷,104.82,63.57
2624,完美世界,文化传媒,35.6,415.2
2625,龙生股份,汽车行业,686.48,452.7
2626,金达威,食品饮料,33.15,86.43
2627,宜昌交运,交运物流,54.04,31.07
2628,成都路桥,工程建设,279.49,61.13
2629,仁智股份,石油行业,0.0,42.51
2630,华西能源,机械行业,44.37,91.00
2631,德尔未来,木业家具,59.62,113.9
2632,道明光学,安防设备,125.73,61.24
2633,申科股份,文化传媒,0.0,30.26
2634,棒杰股份,纺织服装,142.21,55.69
2635,安洁科技,电子元件,46.03,178.2
2636,金安国纪,电子元件,67.96,143.1
2637,赞宇科技,化工行业,57.31,57.73
2638,勤上股份,电子元件,209.77,137.3
2639,雪人股份,机械行业,418.2,83.85
2640,跨境通,国际贸易,61.95,243.9
2641,永高股份,塑胶制品,24.69,71.11
2642,荣之联,软件服务,219.25,165.7
2643,万润股份,化工行业,42.8,136.4
2644,佛慈制药,医药制造,96.56,58.83
2645,华宏科技,机械行业,84.74,53.41
2646,青青稞酒,酿酒行业,35.76,92.61
2647,民盛金科,金属制品,0.0,129.3
2648,卫星石化,化工行业,34.09,106.2
2649,博彦科技,软件服务,62.94,73.75
2650,加加食品,食品饮料,48.33,82.37
2651,利君股份,机械行业,183.35,158.1
2652,扬子新材,金属制品,71.31,57.96
2653,海思科,医药制造,41.21,171.2
2654,万润科技,电子元件,59.83,93.62
2655,共达电声,电子元件,279.87,50.40
2656,摩登大道,纺织服装,0.0,69.28
2657,中科金财,软件服务,76.16,122.8
2658,雪迪龙,仪器仪表,49.72,96.42
2659,中泰桥梁,工程建设,0.0,84.21
2660,茂硕电源,电子元件,205.68,36.46
2661,克明面业,食品饮料,44.59,56.40
2662,京威股份,汽车行业,22.4,142.3
2663,普邦股份,园林工程,94.54,99.44
2664,信质电机,机械行业,42.88,101.6
2665,首航节能,机械行业,117.87,166.4
2666,德联集团,汽车行业,39.27,58.99
2667,鞍重股份,专用设备,0.0,30.32
2668,奥马电器,家电行业,54.38,162.1
2669,康达新材,材料行业,78.75,70.58
2670,国盛金控,券商信托,58.16,289.7
2671,龙泉股份,水泥建材,148.62,56.39
2672,东江环保,环保工程,31.59,160.2
2673,西部证券,券商信托,43.42,541.5
2674,兴业科技,纺织服装,81.65,51.54
2675,东诚药业,医药制造,76.83,100.6
2676,顺威股份,塑胶制品,294.06,109.0
2677,浙江美大,家电行业,46.72,94.68
2678,珠江钢琴,文教休闲,88.49,135.9
2679,福建金森,木业家具,0.0,48.33
2680,长生生物,医药制造,45.46,160.9
2681,奋达科技,家电行业,41.84,161.2
2682,龙洲股份,交运物流,127.59,49.90
2683,宏大爆破,化工行业,115.81,72.53
2684,猛狮科技,电子元件,1918.36,133.8
2685,华东重机,机械行业,231.76,68.88
2686,亿利达,家电行业,59.0,70.71
2687,乔治白,纺织服装,65.01,38.39
2688,金河生物,农牧饲渔,38.9,64.04
2689,远大智能,机械行业,172.71,81.76
2690,美亚光电,仪器仪表,44.3,128.6
2691,冀凯股份,机械行业,563.48,47.08
2692,睿康股份,输配电气,65.35,75.84
2693,双成药业,医药制造,0.0,40.22
2694,顾地科技,塑胶制品,351.37,139.8
2695,煌上煌,食品饮料,136.04,120.0
2696,百洋股份,农牧饲渔,74.25,44.00
2697,红旗连锁,商业百货,72.85,105.1
2698,博实股份,专用设备,119.19,111.1
2699,美盛文化,文教休闲,94.36,179.2
2700,新疆浩源,公用事业,70.6,56.52
2701,奥瑞金,金属制品,14.68,200.2
2702,海欣食品,食品饮料,415.94,54.37
2703,浙江世宝,汽车行业,174.13,110.6
2705,新宝股份,家电行业,24.73,107.8
2706,良信电器,输配电气,45.57,73.91
2707,众信旅游,旅游酒店,46.58,130.8
2708,光洋股份,汽车行业,90.44,60.28
2709,天赐材料,化工行业,38.05,160.7
2710,慈铭体检,医药制造,0.0,0
2711,欧浦智网,电子信息,54.95,117.0
2712,思美传媒,文化传媒,69.29,93.09
2713,东易日盛,装修装饰,40.25,69.58
2714,牧原股份,农牧饲渔,12.29,288.6
2715,登云股份,汽车行业,666.92,29.67
2716,金贵银业,贵金属,63.64,112.5
2717,岭南园林,园林工程,39.63,103.3
2718,友邦吊顶,木业家具,54.07,60.85
2719,麦趣尔,食品饮料,81.5,50.07
2720,宏良股份,纺织服装,0.0,0
2721,金一文化,珠宝首饰,98.17,106.8
2722,金轮股份,机械行业,63.18,84.22
2723,金莱特,家电行业,762.35,50.20
2724,海洋王,电子元件,388.13,103.4
2725,跃岭股份,汽车行业,79.49,36.02
2726,龙大肉食,农牧饲渔,32.63,89.53
2727,一心堂,医药制造,31.97,113.0
2728,特一药业,医药制造,67.91,64.36
2729,好利来,电子元件,282.32,56.68
2730,电光科技,专用设备,184.66,68.67
2731,萃华珠宝,珠宝首饰,128.79,43.31
2732,燕塘乳业,食品饮料,53.77,57.04
2733,雄韬股份,电子元件,58.38,72.47
2734,利民股份,农药兽药,59.55,55.16
2735,王子新材,包装材料,128.58,38.05
2736,国信证券,券商信托,24.88,1229
2737,葵花药业,医药制造,64.75,105.9
2738,中矿资源,工程建设,138.87,55.38
2739,万达院线,文化传媒,45.26,691.7
2740,爱迪尔,珠宝首饰,91.86,53.09
2741,光华科技,化工行业,107.23,69.19
2742,三圣股份,水泥建材,44.81,52.83
2743,富煌钢构,水泥建材,83.63,50.79
2745,木林森,电子元件,46.04,192.8
2746,仙坛股份,农牧饲渔,36.61,87.12
2747,埃斯顿,机械行业,166.22,114.0
2748,世龙实业,化工行业,57.3,54.07
2749,国光股份,农药兽药,40.34,68.00
2750,龙津药业,医药制造,63.3,62.04
2751,易尚展示,木业家具,387.43,58.57
2752,\x95NÐË¹É·Ý,½ðÊôÖÆÆ·,69.23,125.6Ò
2753,永东股份,煤炭采选,70.56,46.52
2755,东方新星,工程建设,4081.54,42.87
2756,永兴特钢,钢铁行业,41.17,104.4
2757,南兴装备,机械行业,78.36,47.27
2758,华通医药,医药制造,98.74,39.65
2759,天际股份,家电行业,218.5,115.7
2760,凤形股份,金属制品,320.18,32.75
2761,多喜爱,纺织服装,525.35,68.40
2762,金发拉比,纺织服装,173.19,113.3
2763,汇洁股份,纺织服装,32.32,69.55
2765,蓝黛传动,机械行业,51.56,66.32
2766,索菱股份,通讯行业,84.04,68.01
2767,先锋电子,仪器仪表,144.56,62.85
2768,国恩股份,化工行业,49.85,65.26
2769,普路通,电子信息,36.07,75.30
2770,科迪乳业,食品饮料,68.1,62.58
2771,真视通,软件服务,101.31,57.24
2772,众兴菌业,食品饮料,39.52,62.64
2773,康弘药业,医药制造,76.29,315.9
2774,快意电梯,机械行业,36.21,35.59
2775,文科园林,园林工程,39.66,55.35
2776,柏堡龙,纺织服装,69.1,72.88
2777,久远银海,电子信息,149.53,70.85
2778,高科石化,石油行业,102.95,34.55
2779,中坚科技,机械行业,105.35,48.13
2780,三夫户外,商业百货,122.42,43.30
2781,奇信股份,工程建设,62.25,79.20
2782,可立克,电子元件,122.06,102.5
2783,凯龙股份,化工行业,65.5,73.77
2785,万里石,水泥建材,291.4,58.00
2786,银宝山新,机械行业,79.8,71.83
2787,华源控股,包装材料,45.3,55.20
2788,鹭燕医药,医疗行业,61.17,64.14
2789,建艺集团,装修装饰,67.03,55.13
2790,瑞尔特,塑胶制品,43.68,70.98
2791,坚朗五金,金属制品,42.02,103.4
2792,通宇通讯,通讯行业,46.58,97.09
2793,东音股份,机械行业,66.72,66.96
2795,永和智控,机械行业,110.27,74.30
2796,世嘉科技,金属制品,98.7,46.51
2797,第一创业,券商信托,117.56,660.4
2798,帝王洁具,木业家具,155.36,53.18
2799,环球印务,造纸印刷,231.8,51.30
2800,天顺股份,交运物流,141.05,46.68
2801,微光股份,机械行业,72.47,72.42
2802,洪汇新材,化工行业,121.33,63.73
2803,吉宏股份,造纸印刷,132.75,52.64
2805,丰元股份,化工行业,199.49,47.10
2806,华锋股份,电子元件,188.61,48.38
2807,江阴银行,银行,46.48,361.6
2808,苏州恒久,电子元件,167.31,52.92
2809,红墙股份,化工行业,88.26,58.20
2810,山东赫达,化工行业,98.36,48.71
2811,亚泰国际,装修装饰,80.47,66.69
2812,创新股份,包装材料,50.46,74.30
2813,路畅科技,通讯行业,111.97,57.55
2815,崇达技术,电子元件,49.91,187.5
2816,和科达,专用设备,154.82,40.16
2817,黄山胶囊,医药制造,97.02,56.16
2818,富森美,商业百货,43.39,249.9
2819,东方中科,仪器仪表,171.82,52.58
2820,桂发祥,食品饮料,64.11,66.16
2821,凯莱英,医疗行业,66.15,166.4
2822,中装建设,装修装饰,56.15,86.55
2823,凯中精密,专用设备,79.46,83.78
2824,和胜股份,有色金属,82.89,59.17
2825,纳尔股份,材料行业,92.88,60.41
2826,易明医药,医药制造,122.12,60.03
2827,高争民爆,化工行业,61.38,66.06
2828,贝肯能源,石油行业,110.38,53.67
2829,星网宇达,电子信息,101.54,74.46
2830,名雕股份,工程建设,208.6,48.40
2831,裕同科技,造纸印刷,41.8,307.1
2832,比音勒芬,纺织服装,49.08,68.86
2833,弘亚数控,专用设备,47.9,76.68
2835,同为股份,电子信息,97.34,48.83
2836,新宏泽,造纸印刷,127.18,63.98
2837,英维克,机械行业,64.83,48.83
2838,道恩股份,机械行业,75.49,61.85
2839,张家港行,银行,79.87,532.3
2840,华统股份,食品饮料,67.6,57.85
2841,视源股份,电子元件,49.81,394.9
2842,翔鹭钨业,有色金属,91.34,63.41
2843,泰嘉股份,金属制品,144.19,55.20
2845,同兴达,电子元件,147.78,79.20
2846,英联股份,包装材料,101.77,56.40
2847,盐津铺子,食品饮料,80.2,68.70
2848,高斯贝尔,通讯行业,144.21,63.60
2849,威星智能,仪器仪表,104.52,54.59
2850,科达利,金属制品,78.41,182.4
2851,麦格米特,电力行业,127.2,139.5
2852,道道全,食品饮料,70.97,146.0
2853,皮阿诺,木业家具,99.56,87.15
2855,捷荣技术,塑胶制品,50.44,36.41
2856,美芝股份,装修装饰,57.59,30.02
2857,三晖电气,仪器仪表,35.69,14.30
2858,力盛赛车,文化传媒,32.67,10.67
2859,洁美科技,电子元件,0.0,0
2860,星帅尔,家电行业,0.0,0
2861,瀛通通讯,电子元件,0.0,0
2862,实丰文化,文教休闲,0.0,0
2863,今飞凯达,汽车行业,0.0,0
300001,特锐德,输配电气,101.68,171.6
300002,神州泰岳,软件服务,41.15,192.2
300003,乐普医疗,医疗行业,43.39,314.5
300004,南风股份,机械行业,251.0,73.12
300005,探路者,纺织服装,63.68,85.21
300006,莱美药业,医药制造,110.51,69.12
300007,汉威电子,仪器仪表,74.42,59.19
300008,天海防务,船舶制造,59.96,95.23
300009,安科生物,医药制造,61.23,115.4
300010,立思辰,软件服务,182.43,140.0
300011,鼎汉技术,交运设备,123.51,102.5
300012,华测检测,综合行业,83.28,83.73
300013,新宁物流,交运物流,128.3,41.81
300014,亿纬锂能,电子元件,65.45,164.8
300015,爱尔眼科,医药制造,49.35,308.2
300016,北陆药业,医药制造,345.51,56.59
300017,网宿科技,软件服务,27.4,342.6
300018,中元股份,输配电气,49.67,53.04
300019,硅宝科技,化工行业,45.85,41.56
300020,银江股份,软件服务,30.64,96.79
300021,大禹节水,材料行业,218.87,61.14
300022,吉峰农机,商业百货,119.43,33.35
300023,宝德股份,专用设备,85.0,53.42
300024,机器人,机械行业,86.41,355.0
300025,华星创业,通讯行业,94.12,44.74
300026,红日药业,医药制造,24.83,163.5
300027,华谊兄弟,文化传媒,34.99,282.7
300028,金亚科技,文化传媒,346.67,40.31
300029,天龙光电,电子元件,0.0,26.44
300030,阳普医疗,医疗行业,139.72,40.08
300031,宝通科技,软件服务,63.01,88.68
300032,金龙机电,电子元件,67.39,127.2
300033,同花顺,软件服务,29.74,360.3
300034,钢研高纳,材料行业,94.98,91.15
300035,中科电气,机械行业,149.25,41.96
300036,超图软件,软件服务,61.31,78.14
300037,新宙邦,材料行业,40.84,104.5
300038,梅泰诺,通讯行业,145.52,136.3
300039,上海凯宝,医药制造,31.14,88.00
300040,九洲电气,输配电气,81.68,45.17
300041,回天新材,化工行业,43.5,45.09
300042,朗科科技,电子信息,109.12,48.75
300043,星辉娱乐,文教休闲,23.96,118.6
300044,赛为智能,软件服务,76.83,77.46
300045,华力创通,软件服务,151.35,77.23
300046,台基股份,电子元件,86.41,33.30
300047,天源迪科,软件服务,174.85,56.13
300048,合康新能,输配电气,33.36,64.16
300049,福瑞股份,医药制造,76.05,54.12
300050,世纪鼎利,通讯行业,48.88,58.62
300051,三五互联,电子信息,67.67,51.72
300052,中青宝,电子信息,0.0,61.68
300053,欧比特,安防设备,167.42,81.20
300054,鼎龙股份,化工行业,51.2,118.6
300055,万邦达,环保工程,54.65,145.0
300056,三维丝,环保工程,61.57,68.35
300057,万顺股份,包装材料,96.69,65.11
300058,蓝色光标,文化传媒,31.37,201.2
300059,东方财富,电子信息,77.82,555.5
300061,康耐特,塑胶制品,200.33,115.6
300062,中能电气,输配电气,64.01,49.67
300063,天龙集团,化工行业,48.89,80.40
300064,豫金刚石,材料行业,83.31,127.2
300065,海兰信,电子信息,138.73,93.05
300066,三川智慧,仪器仪表,52.32,69.89
300067,安诺其,化工行业,57.69,47.23
300068,南都电源,电子元件,48.14,158.5
300069,金利华电,输配电气,178.84,42.72
300070,碧水源,环保工程,89.59,524.9
300071,华谊嘉信,文化传媒,36.42,61.04
300072,三聚环保,化工行业,44.21,715.0
300073,当升科技,材料行业,105.0,104.3
300074,华平股份,软件服务,367.47,47.65
300075,数字政通,软件服务,92.18,68.76
300076,GQY视讯,安防设备,0.0,50.50
300077,国民技术,电子元件,135.94,85.22
300078,思创医惠,安防设备,79.03,105.9
300079,数码视讯,通讯行业,50.81,98.24
300080,易成新能,材料行业,226.49,46.56
300081,恒信移动,通讯行业,0.0,66.83
300082,奥克股份,化工行业,44.87,56.61
300083,劲胜精密,金属制品,118.57,126.2
300084,海默科技,专用设备,1755.68,49.02
300085,银之杰,软件服务,200.45,134.6
300086,康芝药业,医药制造,133.18,61.47
300087,荃银高科,农牧饲渔,0.0,43.30
300088,长信科技,电子元件,59.16,181.6
300089,文化长城,玻璃陶瓷,50.64,73.92
300090,盛运环保,环保工程,62.91,138.5
300091,金通灵,机械行业,116.94,78.27
300092,科新机电,机械行业,173.11,31.01
300093,金刚玻璃,玻璃陶瓷,7135.7,50.22
300094,国联水产,农牧饲渔,81.31,68.19
300095,华伍股份,机械行业,109.48,50.83
300096,易联众,软件服务,0.0,66.95
300097,智云股份,机械行业,147.27,91.17
300098,高新兴,安防设备,50.49,135.0
300099,尤洛卡,仪器仪表,0.0,87.83
300100,双林股份,汽车行业,33.27,107.9
300101,振芯科技,通讯行业,256.27,102.5
300102,乾照光电,电子元件,122.03,59.04
300103,达刚路机,专用设备,238.84,56.47
300104,乐视网,文化传媒,94.86,623.5
300105,龙源技术,机械行业,0.0,43.62
300106,西部牧业,农牧饲渔,0.0,32.80
300107,建新股份,化工行业,166.05,37.02
300108,双龙股份,化工行业,31.12,58.00
300109,新开源,化工行业,93.0,79.38
300110,华仁药业,医药制造,392.86,94.07
300111,向日葵,输配电气,183.08,56.10
300112,万讯自控,仪器仪表,143.9,37.94
300113,顺网科技,软件服务,35.74,186.2
300114,中航电测,电子元件,93.27,96.10
300115,长盈精密,电子元件,38.83,265.5
300116,坚瑞沃能,机械行业,62.68,266.1
300117,嘉寓股份,水泥建材,76.33,50.24
300118,东方日升,输配电气,15.62,108.4
300119,瑞普生物,医药制造,49.06,64.84
300120,经纬电材,金属制品,283.33,33.16
300121,阳谷华泰,化工行业,29.9,46.88
300122,智飞生物,医药制造,912.17,296.6
300123,太阳鸟,船舶制造,445.76,57.33
300124,汇川技术,仪器仪表,40.48,371.7
300125,易世达,环保工程,0.0,33.28
300126,锐奇股份,机械行业,232.23,34.28
300127,银河磁体,电子元件,57.97,64.73
300128,锦富技术,电子元件,267.57,102.2
300129,泰胜风能,输配电气,29.6,62.76
300130,新国都,电子信息,55.69,58.47
300131,英唐智控,电子元件,48.64,97.97
300132,青松股份,化工行业,125.09,37.43
300133,华策影视,文化传媒,51.95,194.1
300134,大富科技,通讯行业,281.18,179.3
300135,宝利国际,化工行业,136.36,55.57
300136,信维通信,通讯行业,70.61,326.1
300137,先河环保,环保工程,59.06,55.10
300138,晨光生物,食品饮料,48.5,51.37
300139,晓程科技,电子元件,186.05,36.33
300140,中环装备,输配电气,0.0,55.22
300141,和顺电气,输配电气,186.09,37.73
300142,沃森生物,医药制造,0.0,201.3
300143,星河生物,农牧饲渔,187.35,77.26
300144,宋城演艺,旅游酒店,32.05,289.2
300145,中金环境,机械行业,47.37,186.0
300146,汤臣倍健,食品饮料,30.85,165.1
300147,香雪制药,医药制造,117.92,77.86
300148,天舟文化,文化传媒,86.12,131.9
300149,量子高科,食品饮料,126.15,81.97
300150,世纪瑞尔,电子信息,0.0,54.97
300151,昌红科技,塑胶制品,166.47,64.57
300152,科融环境,环保工程,0.0,64.15
300153,科泰电源,输配电气,272.66,52.74
300154,瑞凌股份,机械行业,45.11,44.21
300155,安居宝,安防设备,344.23,61.40
300156,神雾环保,环保工程,48.13,339.7
300157,恒泰艾普,石油行业,1256.91,62.22
300158,振东制药,医药制造,78.51,107.3
300159,新研股份,机械行业,86.71,217.6
300160,秀强股份,玻璃陶瓷,65.5,75.62
300161,华中数控,机械行业,0.0,45.84
300162,雷曼股份,电子元件,89.41,48.97
300163,先锋新材,材料行业,72.45,44.41
300164,通源石油,石油行业,343.14,39.99
300165,天瑞仪器,仪器仪表,66.4,46.64
300166,东方国信,软件服务,81.45,130.5
300167,迪威视讯,安防设备,0.0,46.15
300168,万达信息,软件服务,154.61,180.4
300169,天晟新材,塑胶制品,190.12,34.59
300170,汉得信息,软件服务,45.07,99.62
300171,东富龙,医疗行业,35.51,87.83
300172,中电环保,环保工程,47.75,52.07
300173,智慧松德,机械行业,152.64,98.36
300174,元力股份,化工行业,271.56,81.23
300175,朗源股份,农牧饲渔,259.14,73.40
300176,鸿特精密,汽车行业,137.61,59.01
300177,中海达,通讯行业,213.13,61.07
300178,腾邦国际,旅游酒店,56.61,93.34
300179,四方达,材料行业,125.58,37.07
300180,华峰超纤,塑胶制品,123.2,122.1
300181,佐力药业,医药制造,71.16,51.25
300182,捷成股份,软件服务,26.64,256.1
300183,东软载波,电子信息,35.89,113.6
300184,力源信息,电子元件,163.41,77.37
300185,通裕重工,机械行业,63.21,98.03
300186,大华农,医药制造,0.0,0
300187,永清环保,环保工程,75.72,79.58
300188,美亚柏科,软件服务,53.81,98.28
300189,神农基因,农牧饲渔,0.0,50.18
300190,维尔利,环保工程,68.04,65.46
300191,潜能恒信,石油行业,691.48,94.78
300192,科斯伍德,化工行业,96.52,37.06
300193,佳士科技,机械行业,50.24,50.74
300194,福安药业,医药制造,52.76,109.9
300195,长荣股份,机械行业,46.12,54.61
300196,长海股份,材料行业,30.24,78.30
300197,铁汉生态,园林工程,52.68,202.6
300198,纳川股份,水泥建材,180.09,79.02
300199,翰宇药业,医药制造,50.46,154.8
300200,高盟新材,材料行业,51.05,35.29
300201,海伦哲,专用设备,191.7,89.48
300202,聚龙股份,机械行业,69.31,112.6
300203,聚光科技,仪器仪表,40.77,137.0
300204,舒泰神,医药制造,32.55,83.75
300205,天喻信息,电子元件,151.78,62.36
300206,理邦仪器,医疗行业,343.12,50.84
300207,欣旺达,输配电气,38.58,173.6
300209,天泽信息,软件服务,115.15,81.27
300210,森远股份,机械行业,71.38,48.45
300211,亿通科技,通讯行业,316.74,35.35
300212,易华录,软件服务,113.18,125.7
300213,佳讯飞鸿,通讯行业,65.23,67.32
300214,日科化学,塑胶制品,39.21,34.79
300215,电科院,输配电气,159.02,112.4
300216,千山药机,医疗行业,442.54,111.2
300217,东方电热,机械行业,91.11,51.07
300218,安利股份,化工行业,55.57,32.44
300219,鸿利智汇,电子元件,34.15,88.03
300220,金运激光,电子元件,352.33,34.78
300221,银禧科技,塑胶制品,52.61,80.49
300222,科大智能,输配电气,87.3,196.0
300223,北京君正,电子元件,1142.04,80.54
300224,正海磁材,材料行业,55.88,106.7
300225,金力泰,化工行业,95.02,66.74
300226,上海钢联,电子信息,294.15,62.82
300227,光韵达,电子元件,203.45,32.93
300228,富瑞特装,机械行业,0.0,69.05
300229,拓尔思,软件服务,134.61,76.97
300230,永利股份,塑胶制品,70.32,87.92
300231,银信科技,软件服务,51.7,61.14
300232,洲明科技,电子元件,55.53,95.15
300233,金城医药,医药制造,75.36,99.07
300234,开尔新材,材料行业,164.02,46.67
300235,方直科技,电子信息,222.13,40.90
300236,上海新阳,材料行业,131.33,74.04
300237,美晨科技,园林工程,44.05,142.5
300238,冠昊生物,医疗行业,126.07,82.41
300239,东宝生物,医药制造,213.06,37.05
300240,飞力达,交运物流,47.72,39.37
300241,瑞丰光电,电子元件,64.49,41.23
300242,明家联合,输配电气,37.81,74.36
300243,瑞丰高材,化工行业,107.38,32.51
300244,迪安诊断,医药制造,65.95,173.3
300245,天玑科技,软件服务,69.92,46.53
300246,宝莱特,医疗行业,69.12,47.11
300247,乐金健康,机械行业,146.36,64.38
300248,新开普,软件服务,165.85,68.46
300249,依米康,机械行业,219.88,63.83
300250,初灵信息,电子信息,58.29,57.79
300251,光线传媒,文化传媒,36.51,282.5
300252,金信诺,输配电气,59.63,119.6
300253,卫宁健康,软件服务,25.36,155.2
300254,仟源医药,医药制造,104.84,40.64
300255,常山药业,医药制造,54.51,72.93
300256,星星科技,塑胶制品,52.76,77.06
300257,开山股份,机械行业,185.99,187.2
300258,精锻科技,汽车行业,36.58,66.70
300259,新天科技,仪器仪表,67.31,61.80
300260,新莱应材,材料行业,400.0,33.83
300261,雅本化学,化工行业,195.37,56.01
300262,巴安水务,环保工程,34.44,75.09
300263,隆华节能,机械行业,118.32,62.63
300264,佳创视讯,软件服务,323.04,44.08
300265,通光线缆,输配电气,42.56,51.03
300266,兴源环境,环保工程,132.38,268.9
300267,尔康制药,医药制造,29.65,285.7
300268,万福生科,农牧饲渔,0.0,47.30
300269,联建光电,电子元件,34.57,139.3
300270,中威电子,安防设备,88.63,38.54
300271,华宇软件,软件服务,42.78,116.2
300272,开能环保,机械行业,56.87,45.46
300273,和佳股份,医疗行业,37.33,113.3
300274,阳光电源,机械行业,36.94,146.2
300275,梅安森,仪器仪表,0.0,46.07
300276,三丰智能,机械行业,553.37,82.26
300277,海联讯,软件服务,0.0,37.99
300278,华昌达,机械行业,98.37,114.6
300279,和晶科技,电子信息,72.18,67.29
300280,南通锻压,机械行业,698.13,40.51
300281,金明精机,机械行业,120.77,47.11
300282,汇冠股份,电子信息,54.56,65.95
300283,温州宏丰,材料行业,90.2,38.83
300284,苏交科,工程建设,32.95,106.1
300285,国瓷材料,化工行业,93.51,121.9
300286,安科瑞,仪器仪表,45.79,36.69
300287,飞利信,软件服务,37.74,155.0
300288,朗玛信息,电子信息,106.73,90.87
300289,利德曼,医药制造,83.74,52.89
300290,荣科科技,软件服务,173.51,42.24
300291,华录百纳,文化传媒,70.4,168.0
300292,吴通控股,通讯行业,41.88,99.31
300293,蓝英装备,机械行业,2412.12,46.14
300294,博雅生物,医药制造,63.0,171.4
300295,三六五网,电子信息,41.17,49.42
300296,利亚德,电子元件,49.18,329.0
300297,蓝盾股份,软件服务,77.25,146.9
300298,三诺生物,医疗行业,40.58,64.39
300299,富春通信,通讯行业,94.66,92.76
300300,汉鼎宇佑,软件服务,155.24,95.09
300301,长方集团,电子元件,82.87,58.78
300302,同有科技,软件服务,107.19,93.99
300303,聚飞光电,电子元件,42.52,66.00
300304,云意电气,汽车行业,127.35,140.2
300305,裕兴股份,材料行业,47.9,34.60
300306,远方光电,仪器仪表,74.43,60.25
300307,慈星股份,专用设备,55.86,90.79
300308,中际装备,机械行业,1475.36,81.63
300309,吉艾科技,仪器仪表,0.0,121.4
300310,宜通世纪,通讯行业,69.37,118.4
300311,任子行,软件服务,80.47,75.27
300312,邦讯技术,通讯行业,0.0,50.92
300313,天山生物,农牧饲渔,0.0,39.21
300314,戴维医疗,医疗行业,89.53,56.51
300315,掌趣科技,电子信息,32.83,244.9
300316,晶盛机电,机械行业,84.04,145.2
300317,珈伟股份,电子元件,61.35,192.7
300318,博晖创新,医疗行业,244.4,67.12
300319,麦捷科技,电子元件,58.68,91.81
300320,海达股份,塑胶制品,61.18,49.34
300321,同大股份,塑胶制品,94.74,29.24
300322,硕贝德,通讯行业,77.24,69.48
300323,华灿光电,电子元件,39.16,104.6
300324,旋极信息,软件服务,64.79,244.5
300325,德威新材,材料行业,86.32,61.84
300326,凯利泰,医疗行业,45.33,73.78
300327,中颖电子,电子元件,87.13,77.97
300328,宜安科技,金属制品,153.02,46.96
300329,海伦钢琴,文教休闲,103.85,36.36
300330,华虹计通,电子信息,0.0,29.56
300331,苏大维格,材料行业,426.28,62.82
300332,天壕环境,环保工程,77.4,90.07
300333,兆日科技,电子信息,176.61,51.21
300334,津膜科技,环保工程,96.51,45.74
300335,迪森股份,环保工程,48.42,61.74
300336,新文化,文化传媒,35.29,93.59
300337,银邦股份,材料行业,562.57,77.59
300338,开元仪器,仪器仪表,930.49,85.58
300339,润和软件,软件服务,85.28,108.3
300340,科恒股份,有色金属,931.66,72.55
300341,麦迪电气,输配电气,48.04,54.61
300342,天银机电,家电行业,47.03,77.73
300343,联创互联,电子信息,52.37,112.4
300344,太空板业,材料行业,394.74,37.06
300345,红宇新材,金属制品,322.38,51.50
300346,南大光电,材料行业,275.87,52.75
300347,泰格医药,医药制造,97.23,129.2
300348,长亮科技,软件服务,90.24,70.08
300349,金卡智能,仪器仪表,106.57,79.16
300350,华鹏飞,交运物流,50.57,66.71
300351,永贵电器,交运设备,68.56,97.84
300352,北信源,软件服务,334.41,99.86
300353,东土科技,通讯行业,102.33,92.64
300354,东华测试,仪器仪表,2006.24,30.60
300355,蒙草生态,环保工程,47.62,152.6
300356,光一科技,输配电气,162.46,53.29
300357,我武生物,医药制造,43.39,59.34
300358,楚天科技,医疗行业,60.78,76.95
300359,全通教育,文教休闲,198.67,111.7
300360,炬华科技,仪器仪表,25.83,68.47
300361,奥赛康,医药制造,0.0,0
300362,天翔环境,机械行业,117.57,92.52
300363,博腾股份,医药制造,48.7,83.38
300364,中文在线,文化传媒,656.72,106.2
300365,恒华科技,软件服务,54.26,68.06
300366,创意信息,电子信息,256.74,98.28
300367,东方网力,安防设备,116.32,171.4
300368,汇金股份,机械行业,1185.82,97.37
300369,绿盟科技,软件服务,556.41,107.6
300370,安控科技,仪器仪表,61.16,52.79
300371,汇中股份,仪器仪表,65.08,34.44
300372,欣泰电气,输配电气,0.0,0
300373,扬杰科技,电子元件,48.93,95.68
300374,恒通科技,化工行业,90.56,45.48
300375,鹏翎股份,汽车行业,27.39,43.08
300376,易事特,输配电气,69.31,326.9
300377,赢时胜,软件服务,285.19,117.4
300378,鼎捷软件,软件服务,141.09,56.64
300379,东方通,软件服务,162.21,97.42
300380,安硕信息,电子信息,505.47,45.11
300381,溢多利,农牧饲渔,106.75,94.37
300382,斯莱克,机械行业,80.3,57.89
300383,光环新网,电信运营,54.96,184.2
300384,三联虹普,化纤行业,68.22,62.95
300385,雪浪环境,机械行业,52.74,46.79
300386,飞天诚信,软件服务,78.62,94.02
300387,富邦股份,化工行业,44.13,35.87
300388,国祯环保,环保工程,63.42,66.10
300389,艾比森,电子元件,51.63,66.47
300390,天华超净,医疗行业,155.39,40.79
300391,康跃科技,机械行业,876.19,36.99
300392,腾信股份,文化传媒,0.0,58.37
300393,中来股份,材料行业,60.93,100.9
300394,天孚通信,通讯行业,46.44,56.46
300395,菲利华,玻璃陶瓷,45.63,49.30
300396,迪瑞医疗,医疗行业,44.13,55.22
300397,天和防务,电子信息,0.0,67.68
300398,飞凯材料,化工行业,151.96,103.0
300399,京天利,电子信息,118.92,45.37
300400,劲拓股份,机械行业,115.03,46.06
300401,花园生物,食品饮料,133.03,58.23
300402,宝色股份,专用设备,0.0,54.42
300403,地尔汉宇,机械行业,42.42,81.27
300404,博济医药,医药制造,1140.34,44.30
300405,科隆精化,化工行业,473.78,33.72
300406,九强生物,医药制造,35.91,97.56
300407,凯发电气,仪器仪表,38.14,49.29
300408,三环集团,电子元件,33.51,343.7
300409,道氏技术,材料行业,77.78,78.67
300410,正业科技,电子元件,159.06,82.69
300411,金盾股份,机械行业,147.38,62.86
300412,迦南科技,医疗行业,75.17,43.43
300413,快乐购,商业百货,185.53,84.49
300414,中光防雷,电子元件,81.05,50.22
300415,伊之密,机械行业,53.75,53.02
300416,苏试试验,电子元件,81.21,43.83
300417,南华仪器,仪器仪表,127.01,34.57
300418,昆仑万维,电子信息,38.36,252.1
300419,浩丰科技,电子信息,80.44,49.41
300420,五洋科技,机械行业,104.84,76.21
300421,力星股份,金属制品,82.03,44.83
300422,博世科,环保工程,105.49,66.12
300423,鲁亿通,输配电气,147.86,36.62
300424,航新科技,航天航空,163.19,80.35
300425,环能科技,环保工程,86.55,50.30
300426,唐德影视,文化传媒,81.41,107.4
300427,红相电力,输配电气,99.4,73.38
300428,四通新材,有色金属,97.71,65.81
300429,强力新材,化工行业,63.74,80.40
300430,诚益通,机械行业,97.0,46.58
300431,暴风集团,文化传媒,427.67,110.3
300432,富临精工,汽车行业,66.31,142.3
300433,蓝思科技,材料行业,64.95,688.1
300434,金石东方,机械行业,193.56,49.41
300435,中泰股份,机械行业,69.28,44.09
300436,广生堂,医药制造,108.52,72.07
300437,清水源,公用事业,153.01,48.45
300438,鹏辉能源,电子元件,76.59,88.56
300439,美康生物,医疗行业,50.45,96.08
300440,运达科技,电子信息,59.97,60.26
300441,鲍斯股份,机械行业,115.55,78.62
300442,普丽盛,机械行业,1258.47,40.96
300443,金雷风电,机械行业,41.07,72.56
300444,双杰电气,输配电气,69.12,67.02
300445,康斯特,仪器仪表,153.09,48.68
300446,乐凯新材,电子信息,42.77,46.19
300447,全信股份,输配电气,89.69,81.53
300448,浩云科技,软件服务,300.62,55.64
300449,汉邦高科,安防设备,163.48,52.17
300450,先导智能,机械行业,62.63,182.0
300451,创业软件,软件服务,139.94,88.17
300452,山河药辅,医药制造,70.51,34.40
300453,三鑫医疗,医疗行业,96.89,35.47
300455,康拓红外,电子信息,123.03,59.89
300456,耐威科技,航天航空,404.21,95.00
300457,赢合科技,电子元件,66.23,82.04
300458,全志科技,电子元件,68.82,126.7
300459,金科娱乐,化工行业,119.96,218.7
300460,惠伦晶体,电子元件,201.21,41.95
300461,田中精机,电子元件,1025.28,46.89
300462,华铭智能,交运设备,92.45,48.06
300463,迈克生物,医疗行业,38.75,126.9
300464,星徽精密,金属制品,99.67,37.99
300465,高伟达,软件服务,414.62,65.18
300466,赛摩电气,仪器仪表,385.43,111.7
300467,迅游科技,软件服务,163.83,77.74
300468,四方精创,软件服务,115.36,63.56
300469,信息发展,软件服务,2672.04,46.77
300470,日机密封,机械行业,54.61,43.98
300471,厚普股份,机械行业,61.5,73.29
300472,新元科技,交运设备,233.88,37.88
300473,德尔股份,汽车行业,58.18,69.59
300474,景嘉微,电子信息,112.16,136.0
300475,聚隆科技,家电行业,68.86,73.30
300476,胜宏科技,电子元件,38.72,89.85
300477,合纵科技,输配电气,85.77,53.58
300478,杭州高新,塑胶制品,120.17,37.17
300479,神思电子,电子信息,307.51,40.91
300480,光力科技,专用设备,155.87,48.18
300481,濮阳惠成,化工行业,82.12,51.33
300482,万孚生物,医药制造,97.49,141.3
300483,沃施股份,木业家具,173.72,29.43
300484,蓝海华腾,输配电气,56.97,80.50
300485,赛升药业,医药制造,37.11,99.67
300486,东杰智能,专用设备,0.0,31.99
300487,蓝晓科技,化工行业,83.52,51.53
300488,恒锋工具,金属制品,69.94,49.31
300489,中飞股份,金属制品,126.01,31.85
300490,华自科技,输配电气,135.43,50.00
300491,通合科技,输配电气,137.43,56.40
300492,山鼎设计,工程建设,451.44,43.92
300493,润欣科技,电子信息,115.0,56.71
300494,盛天网络,电子信息,73.19,67.75
300495,美尚生态,园林工程,53.0,110.8
300496,中科创达,电子信息,127.13,152.9
300497,富祥股份,医药制造,38.66,67.89
300498,温氏股份,农牧饲渔,10.05,1452
300499,高澜股份,专用设备,145.22,44.63
300500,启迪设计,工程建设,98.03,49.24
300501,海顺新材,包装材料,70.94,45.83
300502,新易盛,通讯行业,71.59,76.83
300503,昊志机电,机械行业,84.8,60.86
300505,川金诺,化工行业,102.96,60.13
300506,名家汇,电子元件,176.1,115.2
300507,苏奥传感,汽车行业,77.55,74.70
300508,维宏股份,软件服务,129.73,61.06
300509,新美星,机械行业,93.43,47.51
300510,金冠电气,输配电气,107.67,60.69
300511,雪榕生物,农牧饲渔,63.05,66.07
300512,中亚股份,机械行业,53.84,85.91
300513,恒泰实达,软件服务,1273.82,63.49
300515,三德科技,仪器仪表,202.75,61.91
300516,久之洋,电子元件,174.95,121.6
300517,海波重科,工程建设,131.26,47.98
300518,盛讯达,软件服务,106.25,105.9
300519,新光药业,医药制造,56.79,64.00
300520,科大国创,软件服务,139.62,79.48
300521,爱司凯,专用设备,112.48,48.56
300522,世名科技,化工行业,84.86,59.58
300523,辰安科技,软件服务,1226.54,82.36
300525,博思软件,软件服务,337.85,55.47
300526,中潜股份,专用设备,294.7,90.88
300527,华舟应急,专用设备,109.07,119.6
300528,幸福蓝海,文化传媒,98.14,95.73
300529,健帆生物,医疗行业,95.33,177.0
300530,达志科技,化工行业,99.14,44.50
300531,优博讯,电子信息,184.23,91.66
300532,今天国际,交运物流,114.37,56.62
300533,冰川网络,软件服务,75.58,116.2
300534,陇神戎发,医药制造,169.46,80.07
300535,达威股份,化工行业,104.05,53.94
300536,农尚环境,园林工程,87.25,44.28
300537,广信材料,化工行业,111.9,47.46
300538,同益股份,化工行业,112.71,41.49
300539,横河模具,塑胶制品,142.39,43.89
300540,深冷股份,机械行业,94.55,44.64
300541,先进数通,软件服务,181.39,57.53
300542,新晨科技,软件服务,359.61,46.43
300543,朗科智能,电子信息,88.75,67.97
300545,联得装备,电子元件,172.66,52.32
300546,雄帝科技,专用设备,134.11,57.86
300547,川环科技,塑胶制品,75.35,54.69
300548,博创科技,通讯行业,93.68,64.77
300549,优德精密,专用设备,109.31,48.06
300550,和仁科技,软件服务,116.56,54.62
300551,古鳌科技,专用设备,228.75,47.08
300552,万集科技,软件服务,92.23,63.96
300553,集智股份,仪器仪表,131.49,41.57
300555,路通视信,通讯行业,90.28,47.70
300556,丝路视觉,软件服务,401.3,62.25
300557,理工光科,仪器仪表,97.97,42.69
300558,贝达药业,医药制造,69.16,284.3
300559,佳发安泰,软件服务,75.64,46.73
300560,中富通,通讯行业,117.08,45.29
300561,汇金科技,软件服务,80.52,63.50
300562,乐心医疗,医疗行业,102.29,82.36
300563,神宇股份,电子元件,117.53,42.31
300565,科信技术,通讯行业,82.93,60.93
300566,激智科技,电子元件,102.52,60.46
300567,精测电子,专用设备,74.18,73.20
300568,星源材质,材料行业,64.17,99.73
300569,天能重工,输配电气,42.92,87.34
300570,太辰光,电子元件,68.4,69.10
300571,平治信息,电子信息,117.57,55.73
300572,安车检测,仪器仪表,83.15,43.13
300573,兴齐眼药,医药制造,72.83,44.06
300575,中旗股份,化肥行业,63.26,48.81
300576,容大感光,化工行业,111.16,40.88
300577,开润股份,纺织服装,67.76,57.95
300578,会畅通讯,软件服务,122.71,45.50
300579,数字认证,软件服务,240.32,57.76
300580,贝斯特,汽车行业,63.15,69.78
300581,晨曦航空,航天航空,203.54,58.76
300582,英飞特,电子元件,92.62,57.10
300583,赛托生物,医药制造,79.9,84.15
300584,海辰药业,医药制造,105.98,44.08
300585,奥联电子,汽车行业,94.75,46.56
300586,美联新材,化工行业,93.65,44.31
300587,天铁股份,塑胶制品,77.65,48.43
300588,熙菱信息,电子信息,204.31,52.11
300589,江龙船艇,船舶制造,276.3,44.77
300590,移为通信,电子信息,82.69,63.60
300591,万里马,纺织服装,309.14,77.50
300592,华凯创意,装修装饰,130.7,49.25
300593,新雷能,机械行业,109.09,54.48
300595,欧普康视,专用设备,71.26,81.26
300596,利安隆,化工行业,60.01,58.78
300597,吉大通信,软件服务,152.83,73.78
300598,诚迈科技,软件服务,103.48,52.32
300599,雄塑科技,塑胶制品,96.43,93.05
300600,瑞特股份,船舶制造,70.92,81.25
300601,康泰生物,医药制造,156.77,155.5
300602,飞荣达,电子元件,72.4,73.18
300603,立昂技术,软件服务,245.61,53.64
300605,恒锋信息,软件服务,120.93,47.21
300606,金太阳,专用设备,109.59,44.06
300607,拓斯达,机械行业,109.68,65.71
300608,思特奇,电子信息,0.0,52.39
300609,汇纳科技,电子信息,144.1,69.60
300610,晨化股份,化工行业,81.27,49.50
300611,美力科技,交运设备,110.73,61.29
300612,宣亚国际,文化传媒,188.77,69.66
300613,富瀚微,软件服务,110.95,124.1
300615,欣天科技,通讯行业,86.11,51.03
300616,尚品宅配,木业家具,78.63,200.9
300617,安靠智电,电力行业,113.94,82.70
300618,寒锐钴业,有色金属,135.06,89.92
300619,金银河,专用设备,152.21,65.63
300620,光库科技,通讯行业,83.39,41.33
300621,维业股份,装修装饰,59.5,32.80
300622,博士眼镜,材料行业,68.94,26.05
300623,捷捷微电,电子元件,75.45,87.84
300625,三雄极光,电子元件,55.92,137.9
300626,华瑞股份,机械行业,44.04,17.40
300627,华测导航,电子信息,31.44,32.10
300628,亿联网络,通讯行业,39.07,168.9
300629,新劲刚,金属制品,32.59,8.74
300630,N普利,医药制造,0.0,0
300631,久吾高科,材料行业,31.07,13.38
300632,光莆股份,电子元件,0.0,0
300633,开立医疗,专用设备,0.0,0
300635,达安股份,工程建设,0.0,0
300636,同和药业,医药制造,0.0,0
300637,扬帆新材,化工行业,0.0,0
300638,广和通,通讯行业,0.0,0
300639,凯普生物,医药制造,0.0,0
